day,symbol,strategy,signal_id,trigger,side,entry_time,exit_time,entry_price,exit_price,realized_pnl,un_realized_pnl,week_day,seq,instrument,target,stop_loss,duration,quantity,exit_type,neck_point,trigger_time,closed,pattern_height,open_type,tpo,spot,candles_in_range,first_hour_trend,whole_day_trend,five_min_trend,fifteen_min_trend,quad,lin,quad_r2,lin_r2,market_auc,trend_auc,auc_del,mu_0,mu_n,exp_b,exp_c,lc_dist_frm_level,lc_resistance_ind,lc_support_ind,lc_y_high,lc_y_low,lc_y_va_h_p,lc_y_va_l_p,lc_y_poc_price,lc_t_2_high,lc_t_2_low,lc_t_2_va_h_p,lc_t_2_va_l_p,lc_t_2_poc_price,lc_w_high,lc_w_low,lc_w_Pivot,lc_w_R1,lc_w_S1,lc_w_R2,lc_w_S2,lc_w_R3,lc_w_S3,lc_w_R4,lc_w_S4,d_y_high,d_y_low,d_y_poc_price,d_y_va_h_p,d_y_va_l_p,d_t_2_high,d_t_2_low,d_t_2_poc_price,d_t_2_va_h_p,d_t_2_va_l_p,d2_cd_support_pressure,d2_cd_resistance_pressure,d2_cd_new_business_pressure,d2_cd_type,d2_cd_retest_fract,d2_ad_support_pressure,d2_ad_resistance_pressure,d2_ad_new_business_pressure,d2_ad_retest_fract,d2_ad_type,d2_gap,d2_cd_close_rat,d2_ad_high,d2_ad_low,d2_ad_poc_price,d2_ad_va_h_p,d2_ad_va_l_p,total_energy,total_energy_pyr,total_energy_ht,static_ratio,dynamic_ratio,d_en_ht,s_en_ht,d_en_pyr,s_en_pyr,pattern_time,pattern_price,strength,strike,kind,money_ness,pat_y_high,pat_y_low,pat_y_va_h_p,pat_y_va_l_p,pat_y_poc_price,pat_t_2_high,pat_t_2_low,pat_t_2_va_h_p,pat_t_2_va_l_p,pat_t_2_poc_price,pat_w_high,pat_w_low,pat_w_Pivot,pat_w_R1,pat_w_S1,pat_w_R2,pat_w_S2,pat_w_R3,pat_w_S3,pat_w_R4,pat_w_S4,entry_time_read
2022-09-28,NIFTY_17300_PE,OPTION_CHEAP_BUY,SIG_1,1,1,1664340600,1664340960,341.35,383.95,42.6,-0.0,Wednesday,1,17300_PE,375.48500000000007,170.675,60,1,1,0,1664340600,True,0,GAP_DOWN,3,16967.45,1.0,0.3,0.32,0.23,0.6,-0.0353,0.0997,0.04,0.01,0.56,0.535,0.025,0.54,0.53,33.1141,0.5526,-32.54999999999927,0,1,0,0,0,0,0,0,0,0,0,0,0,0,0,0,0,0,0,0,0,0,0,0,1,0,0,0,0,1,0,0,0,0.42,0.28,0.3,-1,0.85,0.23,0.18,0.59,0.91,-1,0.0,-0.17,1,1,1,1,1,9594.213749999763,79.95178124999802,9.234819976588492,0.09,0.25,4.639270090264534,2.793561316716169,20.177650284771662,7.316235778362164,[1664340600],"[[0, 0, 0, 0]]",20,17300,PE,ITM_3,0,0,0,0,0,0,0,0,0,0,0,0,0,0,0,0,0,0,0,0,0,2022-09-28 10:20:00
2022-09-28,NIFTY_17100_PE,OPTION_CHEAP_BUY,SIG_2,1,1,1664340600,1664340900,175.0,199.35,24.35,-0.0,Wednesday,1,17100_PE,192.50000000000003,87.5,60,1,1,0,1664340600,True,0,GAP_DOWN,3,16967.45,1.0,0.3,0.32,0.23,0.6,-0.0353,0.0997,0.04,0.01,0.56,0.535,0.025,0.54,0.53,33.1141,0.5526,-32.54999999999927,0,1,0,0,0,0,0,0,0,0,0,0,0,0,0,0,0,0,0,0,0,0,0,0,1,0,0,0,0,1,0,0,0,0.42,0.28,0.3,-1,0.85,0.23,0.18,0.59,0.91,-1,0.0,-0.17,1,1,1,1,1,9594.213749999763,79.95178124999802,9.234819976588492,0.09,0.25,4.639270090264534,2.793561316716169,20.177650284771662,7.316235778362164,[1664340600],"[[0, 0, 0, 0]]",30,17100,PE,ITM_1,0,0,0,0,0,0,0,0,0,0,0,0,0,0,0,0,0,0,0,0,0,2022-09-28 10:20:00
2022-09-28,NIFTY_17200_PE,OPTION_CHEAP_BUY,SIG_3,1,1,1664340780,1664340960,263.6,291.55,27.95,-0.0,Wednesday,1,17200_PE,289.96000000000004,131.8,60,1,1,0,1664340780,True,0,GAP_DOWN,3,16948.2,1.0,0.3,0.23,0.18,0.4,0.0199,-0.0739,0.31,0.38,0.55,0.562,-0.012,0.58,0.54,5.002,0.5505,48.20000000000073,0,0,0,1,0,0,0,0,0,0,0,0,0,0,0,0,0,0,0,0,0,0,0,0,1,0,0,1,0,1,0,0,0,0.42,0.28,0.3,-1,0.85,0.23,0.18,0.59,0.91,-1,0.0,-0.17,1,1,1,1,1,9923.032499999748,82.6919374999979,9.39173750342987,0.09,0.27,4.902528117259272,2.8661582638597505,22.532608069235387,7.7014342438983165,[1664340780],"[[0, 0, 0, 0]]",20,17200,PE,ITM_3,0,1,0,0,0,0,0,0,0,0,0,0,0,0,0,0,0,0,0,0,0,2022-09-28 10:23:00
2022-09-28,NIFTY_17000_PE,OPTION_CHEAP_BUY,SIG_4,1,1,1664340780,1664340960,120.4,139.4,19.0,-0.0,Wednesday,1,17000_PE,132.44000000000003,60.2,60,1,1,0,1664340780,True,0,GAP_DOWN,3,16948.2,1.0,0.3,0.23,0.18,0.4,0.0199,-0.0739,0.31,0.38,0.55,0.562,-0.012,0.58,0.54,5.002,0.5505,48.20000000000073,0,0,0,1,0,0,0,0,0,0,0,0,0,0,0,0,0,0,0,0,0,0,0,0,1,0,0,1,0,1,0,0,0,0.42,0.28,0.3,-1,0.85,0.23,0.18,0.59,0.91,-1,0.0,-0.17,1,1,1,1,1,9923.032499999748,82.6919374999979,9.39173750342987,0.09,0.27,4.902528117259272,2.8661582638597505,22.532608069235387,7.7014342438983165,[1664340780],"[[0, 0, 0, 0]]",30,17000,PE,ITM_1,0,1,0,0,0,0,0,0,0,0,0,0,0,0,0,0,0,0,0,0,0,2022-09-28 10:23:00
2022-09-28,NIFTY_17100_PE,OPTION_CHEAP_BUY,SIG_5,1,1,1664341260,1664341620,197.25,220.3,23.05,-0.0,Wednesday,1,17100_PE,216.97500000000002,98.625,60,1,1,0,1664341260,True,0,GAP_DOWN,3,16927.6,1.0,0.3,0.15,0.1,0.3,0.0367,-0.1304,0.27,0.34,0.52,0.5361,-0.0161,0.57,0.5,4.3971,0.5167,27.599999999998545,0,0,0,0,0,0,0,0,0,0,0,0,0,0,0,0,0,0,0,0,0,0,0,0,1,0,0,1,0,1,0,0,0,0.42,0.28,0.3,-1,0.85,0.23,0.18,0.59,0.91,-1,0.0,-0.17,1,1,1,1,1,11236.188749999748,93.6349062499979,9.993859781552425,0.13,0.17,4.160795765442169,3.6283333163720326,16.230207564113886,12.342002488776817,[1664341260],"[[0, 0, 0, 0]]",20,17100,PE,ITM_2,0,1,0,0,0,0,0,0,0,0,0,0,0,0,0,0,0,0,0,0,0,2022-09-28 10:31:00
2022-09-28,NIFTY_17000_PE,OPTION_CHEAP_BUY,SIG_6,1,1,1664342400,1664346000,135.35,97.15,-38.2,-0.0,Wednesday,1,17000_PE,148.88500000000002,67.675,60,1,0,0,1664342400,True,0,GAP_DOWN,4,16910.35,1.0,0.3,0.06,0.05,0.07,-0.0469,0.0001,0.95,0.93,0.46,0.4691,-0.0091,0.58,0.36,2.267,0.4117,10.349999999998545,0,0,0,0,0,0,0,0,0,0,0,0,0,0,0,0,0,0,0,0,0,0,0,0,1,0,0,1,0,1,0,0,0,0.42,0.28,0.3,-1,0.85,0.23,0.18,0.59,0.91,-1,0.0,-0.17,1,1,1,1,1,12784.30124999962,106.53584374999683,10.660123513980968,0.2,0.12,3.693955048100965,4.7107743770344275,12.792472403803687,20.804433029366344,[1664342400],"[[0, 0, 0, 0]]",20,17000,PE,ITM_1,0,1,0,0,0,0,0,0,0,0,0,0,0,0,0,0,0,0,0,0,0,2022-09-28 10:50:00
2022-09-28,NIFTY_17100_PE,OPTION_CHEAP_BUY,SIG_7,1,1,1664342700,1664346300,198.6,139.9,-58.7,-0.0,Wednesday,1,17100_PE,218.46,99.3,60,1,0,0,1664342700,True,0,GAP_DOWN,4,16930.8,1.0,0.3,0.11,0.1,0.14,-0.0741,0.0895,0.95,0.9,0.46,0.456,0.004,0.56,0.36,2.4608,0.4185,30.799999999999272,0,0,0,0,0,0,0,0,0,0,0,0,0,0,0,0,0,0,0,0,0,0,0,0,1,0,0,1,0,1,0,0,0,0.42,0.28,0.3,-1,0.85,0.23,0.18,0.59,0.91,-1,0.0,-0.17,1,1,1,1,1,13243.221249999599,110.36017708332999,10.849770606893891,0.21,0.12,3.8262669189288583,5.027491370724972,13.725298626458756,23.695940140044424,[1664342700],"[[0, 0, 0, 0]]",20,17100,PE,ITM_2,0,0,0,0,0,0,0,0,0,0,0,0,0,0,0,0,0,0,0,0,0,2022-09-28 10:55:00
2022-09-28,NIFTY_17100_PE,OPTION_CHEAP_BUY,SIG_8,1,1,1664342940,1664346540,196.8,141.0,-55.8,-0.0,Wednesday,1,17100_PE,216.48000000000002,98.4,60,1,0,0,1664342940,True,0,GAP_DOWN,4,16930.75,1.0,0.3,0.12,0.12,0.14,-0.0384,-0.0392,0.96,0.95,0.45,0.4572,-0.0072,0.58,0.34,2.0548,0.3872,30.75,0,1,0,1,0,0,0,0,0,0,0,0,0,0,0,0,0,0,0,0,0,0,0,0,1,0,0,1,0,1,0,0,0,0.42,0.28,0.3,-1,0.85,0.23,0.18,0.59,0.91,-1,0.0,-0.17,1,1,1,1,1,13659.887499999559,113.83239583332966,11.019129830536452,0.23,0.12,3.8844432006441294,5.34142200528779,14.145842792841007,26.747614723661847,[1664342940],"[[0, 0, 0, 0]]",20,17100,PE,ITM_2,0,0,0,0,0,0,0,0,0,0,0,0,0,0,0,0,0,0,0,0,0,2022-09-28 10:59:00
2022-09-28,NIFTY_17100_PE,OPTION_CHEAP_BUY,SIG_9,1,1,1664343120,1664346720,192.1,139.1,-53.0,-0.0,Wednesday,1,17100_PE,211.31,96.05,60,1,0,0,1664343120,True,0,GAP_DOWN,4,16929.05,1.0,0.3,0.09,0.09,0.09,-0.0241,-0.1118,0.97,0.98,0.45,0.4628,-0.0128,0.6,0.32,1.6585,0.3488,29.049999999999272,0,0,0,0,0,0,0,0,0,0,0,0,0,0,0,0,0,0,0,0,0,0,0,0,1,0,0,1,0,1,0,0,0,0.42,0.28,0.3,-1,0.85,0.23,0.18,0.59,0.91,-1,0.0,-0.17,1,1,1,1,1,13659.887499999559,113.83239583332966,11.019129830536452,0.23,0.12,3.8844432006441294,5.34142200528779,14.145842792841007,26.747614723661847,[1664343120],"[[0, 0, 0, 0]]",20,17100,PE,ITM_2,0,0,0,0,0,0,0,0,0,0,0,0,0,0,0,0,0,0,0,0,0,2022-09-28 11:02:00
2022-09-28,NIFTY_17200_PE,OPTION_CHEAP_BUY,SIG_10,1,1,1664343660,1664347260,268.15,198.85,-69.3,-0.0,Wednesday,1,17200_PE,294.965,134.075,60,1,0,0,1664343660,True,0,GAP_DOWN,4,16934.7,1.0,0.3,0.11,0.1,0.16,-0.0461,-0.0793,0.98,0.97,0.45,0.4689,-0.0189,0.62,0.32,0.3327,-0.1435,34.70000000000073,0,1,0,1,0,0,0,0,0,0,0,0,0,0,0,0,0,0,0,0,0,0,0,0,1,0,0,1,0,1,0,0,0,0.42,0.28,0.3,-1,0.85,0.23,0.18,0.59,0.91,-1,0.0,-0.17,1,1,1,1,1,13926.596249999586,116.05496874999655,11.12618383214402,0.25,0.13,3.9441392698022577,5.516719848102806,14.583969918371517,28.532060514798225,[1664343660],"[[0, 0, 0, 0]]",20,17200,PE,ITM_3,0,1,0,0,0,0,0,0,0,0,0,0,0,0,0,0,0,0,0,0,0,2022-09-28 11:11:00
2022-09-28,NIFTY_17000_PE,OPTION_CHEAP_BUY,SIG_11,1,1,1664343660,1664347260,119.2,78.2,-41.0,-0.0,Wednesday,1,17000_PE,131.12,59.6,60,1,0,0,1664343660,True,0,GAP_DOWN,4,16934.7,1.0,0.3,0.11,0.1,0.16,-0.0461,-0.0793,0.98,0.97,0.45,0.4689,-0.0189,0.62,0.32,0.3327,-0.1435,34.70000000000073,0,1,0,1,0,0,0,0,0,0,0,0,0,0,0,0,0,0,0,0,0,0,0,0,1,0,0,1,0,1,0,0,0,0.42,0.28,0.3,-1,0.85,0.23,0.18,0.59,0.91,-1,0.0,-0.17,1,1,1,1,1,13926.596249999586,116.05496874999655,11.12618383214402,0.25,0.13,3.9441392698022577,5.516719848102806,14.583969918371517,28.532060514798225,[1664343660],"[[0, 0, 0, 0]]",30,17000,PE,ITM_1,0,1,0,0,0,0,0,0,0,0,0,0,0,0,0,0,0,0,0,0,0,2022-09-28 11:11:00
2022-09-28,NIFTY_17300_PE,OPTION_CHEAP_BUY,SIG_12,1,1,1664343840,1664347440,342.45,300.85,-41.6,-0.0,Wednesday,1,17300_PE,376.695,171.225,60,1,0,0,1664343840,True,0,GAP_DOWN,4,16959.2,1.0,0.3,0.15,0.11,0.25,-0.0912,0.057,0.99,0.95,0.44,0.4519,-0.0119,0.6,0.3,0.3123,-0.1695,-40.79999999999927,0,0,0,1,0,0,0,0,0,0,0,0,0,0,0,0,0,0,0,0,0,0,0,0,1,0,0,1,0,1,0,0,0,0.42,0.28,0.3,-1,0.85,0.23,0.18,0.59,0.91,-1,0.0,-0.17,1,1,1,1,1,13926.596249999586,116.05496874999655,11.12618383214402,0.25,0.13,3.9441392698022577,5.516719848102806,14.583969918371517,28.532060514798225,[1664343840],"[[0, 0, 0, 0]]",20,17300,PE,ITM_3,0,1,0,0,0,0,0,0,0,0,0,0,0,0,0,0,0,0,0,0,0,2022-09-28 11:14:00
2022-09-28,NIFTY_17100_PE,OPTION_CHEAP_BUY,SIG_13,1,1,1664343840,1664347440,172.2,141.5,-30.7,-0.0,Wednesday,1,17100_PE,189.42000000000002,86.1,60,1,0,0,1664343840,True,0,GAP_DOWN,4,16959.2,1.0,0.3,0.15,0.11,0.25,-0.0912,0.057,0.99,0.95,0.44,0.4519,-0.0119,0.6,0.3,0.3123,-0.1695,-40.79999999999927,0,0,0,1,0,0,0,0,0,0,0,0,0,0,0,0,0,0,0,0,0,0,0,0,1,0,0,1,0,1,0,0,0,0.42,0.28,0.3,-1,0.85,0.23,0.18,0.59,0.91,-1,0.0,-0.17,1,1,1,1,1,13926.596249999586,116.05496874999655,11.12618383214402,0.25,0.13,3.9441392698022577,5.516719848102806,14.583969918371517,28.532060514798225,[1664343840],"[[0, 0, 0, 0]]",30,17100,PE,ITM_1,0,1,0,0,0,0,0,0,0,0,0,0,0,0,0,0,0,0,0,0,0,2022-09-28 11:14:00
2022-09-28,NIFTY_17300_PE,OPTION_CHEAP_BUY,SIG_14,1,1,1664343960,1664347560,341.55,321.35,-20.2,-0.0,Wednesday,1,17300_PE,375.70500000000004,170.775,60,1,0,0,1664343960,True,0,GAP_DOWN,5,16962.4,1.0,0.3,0.14,0.1,0.25,-0.1207,0.143,0.98,0.93,0.45,0.4538,-0.0038,0.6,0.3,0.308,-0.1645,-37.599999999998545,0,1,0,0,0,0,0,0,0,0,0,0,0,0,0,0,0,0,0,0,0,0,0,0,1,0,0,1,0,1,0,0,0,0.42,0.28,0.3,-1,0.85,0.23,0.18,0.59,0.91,-1,0.0,-0.17,1,1,1,1,1,15206.256249999518,126.71880208332932,11.626122406985827,0.28,0.15,4.450941598615738,6.128156892844264,18.57270104464502,35.2071627218575,[1664343960],"[[0, 0, 0, 0]]",20,17300,PE,ITM_3,0,1,0,0,0,0,0,0,0,0,0,0,0,0,0,0,0,0,0,0,0,2022-09-28 11:16:00
2022-09-28,NIFTY_17100_PE,OPTION_CHEAP_BUY,SIG_15,1,1,1664343960,1664347560,172.5,156.05,-16.45,-0.0,Wednesday,1,17100_PE,189.75000000000003,86.25,60,1,0,0,1664343960,True,0,GAP_DOWN,5,16962.4,1.0,0.3,0.14,0.1,0.25,-0.1207,0.143,0.98,0.93,0.45,0.4538,-0.0038,0.6,0.3,0.308,-0.1645,-37.599999999998545,0,1,0,0,0,0,0,0,0,0,0,0,0,0,0,0,0,0,0,0,0,0,0,0,1,0,0,1,0,1,0,0,0,0.42,0.28,0.3,-1,0.85,0.23,0.18,0.59,0.91,-1,0.0,-0.17,1,1,1,1,1,15206.256249999518,126.71880208332932,11.626122406985827,0.28,0.15,4.450941598615738,6.128156892844264,18.57270104464502,35.2071627218575,[1664343960],"[[0, 0, 0, 0]]",30,17100,PE,ITM_1,0,1,0,0,0,0,0,0,0,0,0,0,0,0,0,0,0,0,0,0,0,2022-09-28 11:16:00
2022-09-28,NIFTY_17300_PE,OPTION_CHEAP_BUY,SIG_16,1,1,1664344260,1664347860,340.7,298.0,-42.7,-0.0,Wednesday,1,17300_PE,374.77000000000004,170.35,60,1,0,0,1664344260,True,0,GAP_DOWN,5,16963.55,1.0,0.3,0.14,0.11,0.22,-0.1207,0.143,0.98,0.93,0.45,0.4538,-0.0038,0.6,0.3,0.308,-0.1645,-36.45000000000073,0,1,0,0,0,0,0,0,0,0,0,0,0,0,0,0,0,0,0,0,0,0,0,0,1,0,0,1,0,1,0,0,0,0.42,0.28,0.3,-1,0.85,0.23,0.18,0.59,0.91,-1,0.0,-0.17,1,1,1,1,1,15536.996249999675,129.4749687499973,11.75187786412582,0.28,0.15,4.595330865846728,6.260034613491489,19.79724915619091,36.738781276979566,[1664344260],"[[0, 0, 0, 0]]",20,17300,PE,ITM_3,0,1,0,0,0,0,0,0,0,0,0,0,0,0,0,0,0,0,0,0,0,2022-09-28 11:21:00
2022-09-28,NIFTY_17100_PE,OPTION_CHEAP_BUY,SIG_17,1,1,1664344260,1664347860,171.45,138.65,-32.8,-0.0,Wednesday,1,17100_PE,188.595,85.725,60,1,0,0,1664344260,True,0,GAP_DOWN,5,16963.55,1.0,0.3,0.14,0.11,0.22,-0.1207,0.143,0.98,0.93,0.45,0.4538,-0.0038,0.6,0.3,0.308,-0.1645,-36.45000000000073,0,1,0,0,0,0,0,0,0,0,0,0,0,0,0,0,0,0,0,0,0,0,0,0,1,0,0,1,0,1,0,0,0,0.42,0.28,0.3,-1,0.85,0.23,0.18,0.59,0.91,-1,0.0,-0.17,1,1,1,1,1,15536.996249999675,129.4749687499973,11.75187786412582,0.28,0.15,4.595330865846728,6.260034613491489,19.79724915619091,36.738781276979566,[1664344260],"[[0, 0, 0, 0]]",30,17100,PE,ITM_1,0,1,0,0,0,0,0,0,0,0,0,0,0,0,0,0,0,0,0,0,0,2022-09-28 11:21:00
2022-09-28,NIFTY_17300_PE,OPTION_CHEAP_BUY,SIG_18,1,1,1664344440,1664348040,343.8,323.25,-20.55,-0.0,Wednesday,1,17300_PE,378.18000000000006,171.9,60,1,0,0,1664344440,True,0,GAP_DOWN,5,16965.5,1.0,0.3,0.16,0.12,0.31,-0.1251,0.1597,0.98,0.92,0.46,0.4524,0.0076,0.61,0.3,0.2985,-0.1676,-34.5,0,1,0,0,0,0,0,0,0,0,0,0,0,0,0,0,0,0,0,0,0,0,0,0,1,0,0,1,0,1,0,0,0,0.42,0.28,0.3,-1,0.85,0.23,0.18,0.59,0.91,-1,0.0,-0.17,1,1,1,1,1,15536.996249999675,129.4749687499973,11.75187786412582,0.28,0.15,4.595330865846728,6.260034613491489,19.79724915619091,36.738781276979566,[1664344440],"[[0, 0, 0, 0]]",20,17300,PE,ITM_3,0,1,0,0,0,0,0,0,0,0,0,0,0,0,0,0,0,0,0,0,0,2022-09-28 11:24:00
2022-09-28,NIFTY_17100_PE,OPTION_CHEAP_BUY,SIG_19,1,1,1664344440,1664348040,172.7,157.3,-15.4,-0.0,Wednesday,1,17100_PE,189.97,86.35,60,1,0,0,1664344440,True,0,GAP_DOWN,5,16965.5,1.0,0.3,0.16,0.12,0.31,-0.1251,0.1597,0.98,0.92,0.46,0.4524,0.0076,0.61,0.3,0.2985,-0.1676,-34.5,0,1,0,0,0,0,0,0,0,0,0,0,0,0,0,0,0,0,0,0,0,0,0,0,1,0,0,1,0,1,0,0,0,0.42,0.28,0.3,-1,0.85,0.23,0.18,0.59,0.91,-1,0.0,-0.17,1,1,1,1,1,15536.996249999675,129.4749687499973,11.75187786412582,0.28,0.15,4.595330865846728,6.260034613491489,19.79724915619091,36.738781276979566,[1664344440],"[[0, 0, 0, 0]]",30,17100,PE,ITM_1,0,1,0,0,0,0,0,0,0,0,0,0,0,0,0,0,0,0,0,0,0,2022-09-28 11:24:00
2022-09-28,NIFTY_17300_PE,OPTION_CHEAP_BUY,SIG_20,1,1,1664344740,1664348340,339.2,328.6,-10.6,-0.0,Wednesday,1,17300_PE,373.12,169.6,60,1,0,0,1664344740,True,0,GAP_DOWN,5,16961.7,1.0,0.3,0.13,0.1,0.22,-0.1252,0.179,0.97,0.91,0.47,0.4559,0.0141,0.6,0.31,1.6244,0.3642,-38.29999999999927,0,0,0,0,0,0,0,0,0,0,0,0,0,0,0,0,0,0,0,0,0,0,0,0,1,0,0,1,0,1,0,0,0,0.42,0.28,0.3,-1,0.85,0.23,0.18,0.59,0.91,-1,0.0,-0.17,1,1,1,1,1,16357.267499999456,136.31056249999546,12.058106540138402,0.3,0.15,4.706722347029458,6.556052629954209,20.76865804877483,40.29546195630891,[1664344740],"[[0, 0, 0, 0]]",20,17300,PE,ITM_3,0,0,0,0,0,0,0,0,0,0,0,0,0,0,0,0,0,0,0,0,0,2022-09-28 11:29:00
2022-09-28,NIFTY_17100_PE,OPTION_CHEAP_BUY,SIG_21,1,1,1664344740,1664348340,169.6,160.25,-9.35,-0.0,Wednesday,1,17100_PE,186.56,84.8,60,1,0,0,1664344740,True,0,GAP_DOWN,5,16961.7,1.0,0.3,0.13,0.1,0.22,-0.1252,0.179,0.97,0.91,0.47,0.4559,0.0141,0.6,0.31,1.6244,0.3642,-38.29999999999927,0,0,0,0,0,0,0,0,0,0,0,0,0,0,0,0,0,0,0,0,0,0,0,0,1,0,0,1,0,1,0,0,0,0.42,0.28,0.3,-1,0.85,0.23,0.18,0.59,0.91,-1,0.0,-0.17,1,1,1,1,1,16357.267499999456,136.31056249999546,12.058106540138402,0.3,0.15,4.706722347029458,6.556052629954209,20.76865804877483,40.29546195630891,[1664344740],"[[0, 0, 0, 0]]",30,17100,PE,ITM_1,0,0,0,0,0,0,0,0,0,0,0,0,0,0,0,0,0,0,0,0,0,2022-09-28 11:29:00
2022-09-28,NIFTY_17200_PE,OPTION_CHEAP_BUY,SIG_22,1,1,1664344920,1664348520,236.85,235.75,-1.1,-0.0,Wednesday,1,17200_PE,260.535,118.425,60,1,0,0,1664344920,True,0,GAP_DOWN,5,16979.6,0.67,0.3,0.19,0.14,0.33,-0.0978,0.1074,0.98,0.93,0.48,0.4744,0.0056,0.61,0.34,1.7407,0.3875,-20.400000000001455,0,0,0,0,0,0,0,0,1,0,0,0,0,0,0,0,0,0,0,0,0,0,0,0,1,0,0,1,0,1,0,0,0,0.42,0.28,0.3,-1,0.85,0.23,0.18,0.59,0.91,-1,0.0,-0.17,1,1,1,1,1,16357.267499999456,136.31056249999546,12.058106540138402,0.3,0.15,4.706722347029458,6.556052629954209,20.76865804877483,40.29546195630891,[1664344920],"[[0, 0, 0, 0]]",30,17200,PE,ITM_2,0,0,0,0,0,0,1,0,0,0,0,0,0,0,0,0,0,0,0,0,0,2022-09-28 11:32:00
2022-09-28,NIFTY_17200_PE,OPTION_CHEAP_BUY,SIG_23,1,1,1664345280,1664348880,235.0,227.7,-7.3,-0.0,Wednesday,1,17200_PE,258.5,117.5,60,1,0,0,1664345280,True,0,GAP_DOWN,5,16978.85,0.67,0.3,0.16,0.12,0.28,-0.0836,0.068,0.99,0.95,0.49,0.4931,-0.0031,0.63,0.36,1.7592,0.4036,-21.150000000001455,0,0,0,0,0,0,0,0,1,0,0,0,0,0,0,0,0,0,0,0,0,0,0,0,1,0,0,1,0,1,0,0,1,0.42,0.28,0.3,-1,0.85,0.23,0.18,0.59,0.91,-1,0.0,-0.17,1,1,1,1,1,16872.34749999941,140.60289583332843,12.24648611734064,0.3,0.16,4.920651672515318,6.745423437073218,22.69951207708856,42.65694126132813,[1664345280],"[[0, 0, 0, 0]]",30,17200,PE,ITM_2,0,0,0,0,0,0,1,0,0,0,0,0,0,0,0,0,0,0,0,0,0,2022-09-28 11:38:00
2022-09-28,NIFTY_17200_PE,OPTION_CHEAP_BUY,SIG_24,1,1,1664345640,1664349240,228.75,244.5,15.75,-0.0,Wednesday,1,17200_PE,251.62500000000003,114.375,60,1,0,0,1664345640,True,0,GAP_DOWN,5,16990.9,0.67,0.3,0.19,0.13,0.35,-0.0815,0.0631,0.99,0.95,0.51,0.5083,0.0017,0.64,0.38,1.7731,0.4193,-9.099999999998545,0,0,0,0,0,1,0,0,0,0,0,0,0,0,0,0,0,0,0,0,0,0,0,0,1,1,0,1,0,1,0,0,1,0.42,0.28,0.3,-1,0.85,0.23,0.18,0.59,0.91,-1,0.0,-0.17,1,1,1,1,1,17331.75374999936,144.43128124999467,12.412092222237458,0.3,0.18,5.199311722167979,6.838444191077512,25.34328973525628,43.84154901982666,[1664345640],"[[0, 0, 0, 0]]",30,17200,PE,ITM_2,0,0,0,1,0,0,1,0,0,0,0,0,0,0,0,0,0,0,0,0,0,2022-09-28 11:44:00
2022-09-28,NIFTY_17200_PE,OPTION_CHEAP_BUY,SIG_25,1,1,1664346000,1664349600,231.25,237.7,6.45,-0.0,Wednesday,1,17200_PE,254.37500000000003,115.625,60,1,0,0,1664346000,True,0,GAP_DOWN,6,16986.55,0.57,0.3,0.19,0.15,0.32,-0.0822,0.0646,0.99,0.95,0.52,0.5251,-0.0051,0.66,0.39,1.7648,0.4347,-13.450000000000728,0,0,0,0,0,1,0,0,1,0,0,0,0,0,0,0,0,0,0,0,0,0,0,0,1,1,0,1,0,1,0,0,1,0.42,0.28,0.3,-1,0.85,0.23,0.18,0.59,0.91,-1,0.0,-0.17,1,1,1,1,1,17456.947499999354,145.47456249999462,12.456840155780315,0.3,0.18,5.278002128715425,6.859496206090055,26.116224816304268,44.11189518877862,[1664346000],"[[0, 0, 0, 0]]",30,17200,PE,ITM_2,0,0,0,0,0,0,1,0,0,0,0,0,0,0,0,0,0,0,0,0,0,2022-09-28 11:50:00
2022-09-28,NIFTY_17300_PE,OPTION_CHEAP_BUY,SIG_26,1,1,1664346180,1664347620,299.1,329.15,30.05,-0.0,Wednesday,1,17300_PE,329.01000000000005,149.55,60,1,1,0,1664346180,True,0,GAP_DOWN,6,17000.65,0.57,0.3,0.21,0.16,0.39,-0.0645,0.0224,0.99,0.96,0.52,0.5253,-0.0053,0.65,0.4,1.8879,0.4424,0.6500000000014552,0,0,0,0,0,1,0,0,0,0,1,0,0,0,0,0,0,0,0,0,0,0,0,0,1,1,0,1,0,1,0,0,1,0.42,0.28,0.3,-1,0.85,0.23,0.18,0.59,0.91,-1,0.0,-0.17,1,1,1,1,1,17627.947499999354,146.89956249999463,12.517702132047276,0.3,0.17,5.131988549356336,6.859496206090055,24.691224816304267,44.11189518877862,[1664346180],"[[0, 0, 0, 0]]",30,17300,PE,ITM_3,0,0,0,1,0,0,1,0,1,0,0,0,0,0,0,0,0,0,0,0,0,2022-09-28 11:53:00
2022-09-28,NIFTY_17100_PE,OPTION_CHEAP_BUY,SIG_27,1,1,1664346180,1664347560,140.9,156.05,15.15,-0.0,Wednesday,1,17100_PE,154.99,70.45,60,1,1,0,1664346180,True,0,GAP_DOWN,6,17000.65,0.57,0.3,0.21,0.16,0.39,-0.0645,0.0224,0.99,0.96,0.52,0.5253,-0.0053,0.65,0.4,1.8879,0.4424,0.6500000000014552,0,0,0,0,0,1,0,0,0,0,1,0,0,0,0,0,0,0,0,0,0,0,0,0,1,1,0,1,0,1,0,0,1,0.42,0.28,0.3,-1,0.85,0.23,0.18,0.59,0.91,-1,0.0,-0.17,1,1,1,1,1,17627.947499999354,146.89956249999463,12.517702132047276,0.3,0.17,5.131988549356336,6.859496206090055,24.691224816304267,44.11189518877862,[1664346180],"[[0, 0, 0, 0]]",40,17100,PE,ITM_1,0,0,0,1,0,0,1,0,1,0,0,0,0,0,0,0,0,0,0,0,0,2022-09-28 11:53:00
2022-09-28,NIFTY_17300_PE,OPTION_CHEAP_BUY,SIG_28,1,1,1664346300,1664347620,297.7,329.15,31.45,-0.0,Wednesday,1,17300_PE,327.47,148.85,60,1,1,0,1664346300,True,0,GAP_DOWN,6,17016.6,0.57,0.3,0.21,0.16,0.39,-0.0645,0.0224,0.99,0.96,0.52,0.5253,-0.0053,0.65,0.4,1.8879,0.4424,16.599999999998545,0,0,0,0,0,0,0,0,0,0,0,0,0,0,0,0,0,0,0,0,0,0,0,0,1,1,0,1,0,1,0,0,1,0.42,0.28,0.3,-1,0.85,0.23,0.18,0.59,0.91,-1,0.0,-0.17,1,1,1,1,1,17627.947499999354,146.89956249999463,12.517702132047276,0.3,0.17,5.131988549356336,6.859496206090055,24.691224816304267,44.11189518877862,[1664346300],"[[0, 0, 0, 0]]",30,17300,PE,ITM_3,0,0,0,1,1,0,0,0,1,0,0,0,0,0,0,0,0,0,0,0,0,2022-09-28 11:55:00
2022-09-28,NIFTY_17300_PE,OPTION_CHEAP_BUY,SIG_29,1,1,1664347020,1664348160,299.5,336.45,36.95,-0.0,Wednesday,1,17300_PE,329.45000000000005,149.75,60,1,1,0,1664347020,True,0,GAP_DOWN,6,17014.7,0.5,0.3,0.19,0.15,0.31,-0.0192,-0.0951,0.98,0.98,0.53,0.5494,-0.0194,0.67,0.43,2.0407,0.468,14.700000000000728,0,0,0,0,0,0,1,0,0,0,1,0,0,0,0,0,0,0,0,0,0,0,0,0,1,1,0,1,0,1,0,0,1,0.42,0.28,0.3,-1,0.85,0.23,0.18,0.59,0.91,-1,0.0,-0.17,1,1,1,1,1,18626.867499999385,155.2238958333282,12.867484429971155,0.28,0.21,5.934357198518954,6.859496206090055,33.01555814963787,44.11189518877862,[1664347020],"[[0, 0, 0, 0]]",30,17300,PE,ITM_3,0,0,0,1,0,0,0,0,1,0,0,0,0,0,0,0,0,0,0,0,0,2022-09-28 12:07:00
2022-09-28,NIFTY_17200_PE,OPTION_CHEAP_BUY,SIG_30,1,1,1664347260,1664347500,198.85,226.0,27.15,-0.0,Wednesday,1,17200_PE,218.735,99.425,60,1,1,0,1664347260,True,0,GAP_DOWN,6,17028.75,0.5,0.3,0.23,0.18,0.38,-0.0192,-0.0951,0.98,0.98,0.53,0.5494,-0.0194,0.67,0.43,2.0407,0.468,28.75,1,0,0,0,0,0,1,0,0,0,0,0,0,0,0,0,0,0,0,0,0,0,0,0,1,1,0,1,0,1,0,0,1,0.42,0.28,0.3,-1,0.85,0.23,0.18,0.59,0.91,-1,0.0,-0.17,1,1,1,1,1,18626.867499999385,155.2238958333282,12.867484429971155,0.28,0.21,5.934357198518954,6.859496206090055,33.01555814963787,44.11189518877862,[1664347260],"[[0, 0, 0, 0]]",40,17200,PE,ITM_2,0,0,0,0,1,0,0,0,0,0,0,0,0,0,0,0,0,0,0,0,0,2022-09-28 12:11:00
2022-09-28,NIFTY_17200_PE,OPTION_CHEAP_BUY,SIG_31,1,1,1664347680,1664349780,231.05,255.55,24.5,-0.0,Wednesday,1,17200_PE,254.15500000000003,115.525,60,1,1,0,1664347680,True,0,GAP_DOWN,7,16986.95,0.44,0.3,0.17,0.13,0.31,0.0009,-0.1553,0.96,0.98,0.54,0.5652,-0.0252,0.68,0.45,2.0088,0.4728,-13.049999999999272,0,0,0,0,0,1,0,0,1,0,0,0,0,0,0,0,0,0,0,0,0,0,0,0,1,1,0,1,0,1,0,0,1,0.42,0.28,0.3,-1,0.85,0.23,0.18,0.59,0.91,-1,0.0,-0.17,1,1,1,1,1,18870.333749999463,157.25278124999554,12.951304953555654,0.28,0.22,6.113979048382391,6.859496206090055,35.04444356630517,44.11189518877862,[1664347680],"[[0, 0, 0, 0]]",30,17200,PE,ITM_2,0,0,0,1,1,0,1,0,1,0,0,0,0,0,0,0,0,0,0,0,0,2022-09-28 12:18:00
2022-09-28,NIFTY_17100_PE,OPTION_CHEAP_BUY,SIG_32,1,1,1664347800,1664348160,143.75,165.45,21.7,-0.0,Wednesday,1,17100_PE,158.125,71.875,60,1,1,0,1664347800,True,0,GAP_DOWN,7,16997.5,0.44,0.3,0.18,0.14,0.33,0.0009,-0.1553,0.96,0.98,0.54,0.5652,-0.0252,0.68,0.45,2.0088,0.4728,-2.5,0,0,0,0,0,1,0,0,0,0,0,0,0,0,0,0,0,0,0,0,0,0,0,0,1,1,0,1,0,1,0,0,1,0.42,0.28,0.3,-1,0.85,0.23,0.18,0.59,0.91,-1,0.0,-0.17,1,1,1,1,1,20092.8599999995,167.4404999999958,13.364250820752938,0.26,0.15,5.149159135631615,6.859496206090055,24.856724816304865,44.11189518877862,[1664347800],"[[0, 0, 0, 0]]",40,17100,PE,ITM_1,0,0,0,1,1,0,0,0,1,0,0,0,0,0,0,0,0,0,0,0,0,2022-09-28 12:20:00
2022-09-28,NIFTY_17300_PE,OPTION_CHEAP_BUY,SIG_33,1,1,1664347860,1664348160,298.0,336.45,38.45,-0.0,Wednesday,1,17300_PE,327.8,149.0,60,1,1,0,1664347860,True,0,GAP_DOWN,7,17009.7,0.44,0.3,0.18,0.14,0.33,0.0009,-0.1553,0.96,0.98,0.54,0.5652,-0.0252,0.68,0.45,2.0088,0.4728,9.700000000000728,0,0,0,0,0,1,0,0,0,0,1,0,0,0,0,0,0,0,0,0,0,0,0,0,1,1,0,1,0,1,0,0,1,0.42,0.28,0.3,-1,0.85,0.23,0.18,0.59,0.91,-1,0.0,-0.17,1,1,1,1,1,20092.8599999995,167.4404999999958,13.364250820752938,0.26,0.15,5.149159135631615,6.859496206090055,24.856724816304865,44.11189518877862,[1664347860],"[[0, 0, 0, 0]]",30,17300,PE,ITM_3,0,0,0,1,1,0,0,0,1,0,0,0,0,0,0,0,0,0,0,0,0,2022-09-28 12:21:00
2022-09-28,NIFTY_17200_PE,OPTION_CHEAP_BUY,SIG_34,1,1,1664348400,1664349480,228.8,252.05,23.25,-0.0,Wednesday,1,17200_PE,251.68000000000004,114.4,60,1,1,0,1664348400,True,0,GAP_DOWN,7,16987.65,0.44,0.3,0.15,0.1,0.31,-0.0317,-0.0964,0.98,0.98,0.53,0.561,-0.031,0.7,0.42,1.5842,0.4279,-12.349999999998545,0,0,0,0,0,0,0,0,1,0,0,0,0,0,0,0,0,0,0,0,0,0,0,0,1,1,0,1,0,1,0,0,1,0.42,0.28,0.3,-1,0.85,0.23,0.18,0.59,0.91,-1,0.0,-0.17,1,1,1,1,1,21664.662499999442,180.53885416666202,13.877131467914138,0.28,0.12,4.905531605075035,7.2915176975210905,22.560225307865668,49.843340937434306,[1664348400],"[[0, 0, 0, 0]]",30,17200,PE,ITM_2,0,0,0,1,1,0,1,0,1,0,0,0,0,0,0,0,0,0,0,0,0,2022-09-28 12:30:00
2022-09-28,NIFTY_17100_PE,OPTION_CHEAP_BUY,SIG_35,1,1,1664348580,1664349240,149.2,165.1,15.9,-0.0,Wednesday,1,17100_PE,164.12,74.6,60,1,1,0,1664348580,True,0,GAP_DOWN,7,16993.7,0.4,0.3,0.15,0.1,0.3,-0.0594,-0.0265,0.99,0.97,0.54,0.5595,-0.0195,0.71,0.41,1.4443,0.4113,-6.299999999999272,0,0,0,0,0,1,0,0,0,0,0,0,0,0,0,0,0,0,0,0,0,0,0,0,1,1,0,1,0,1,0,0,1,0.42,0.28,0.3,-1,0.85,0.23,0.18,0.59,0.91,-1,0.0,-0.17,1,1,1,1,1,21979.542499999407,183.16285416666173,13.97761464310366,0.28,0.13,4.991347172724519,7.424005481970044,23.35644993624849,51.67111630905118,[1664348580],"[[0, 0, 0, 0]]",40,17100,PE,ITM_1,0,0,0,1,0,0,1,0,0,0,0,0,0,0,0,0,0,0,0,0,0,2022-09-28 12:33:00
2022-09-28,NIFTY_17300_PE,OPTION_CHEAP_BUY,SIG_36,1,1,1664349960,1664353560,344.0,346.5,2.5,-0.0,Wednesday,1,17300_PE,378.40000000000003,172.0,60,1,0,0,1664349960,True,0,GAP_DOWN,8,16967.65,0.36,0.3,0.08,0.05,0.17,0.0046,-0.2189,0.97,0.99,0.52,0.5627,-0.0427,0.72,0.41,1.3928,0.3883,-32.349999999998545,0,1,0,0,0,0,0,0,1,0,0,0,0,0,0,0,0,0,0,0,0,0,0,0,1,1,0,1,0,1,0,0,1,0.42,0.28,0.3,-1,0.85,0.23,0.18,0.59,0.91,-1,0.0,-0.17,1,1,1,1,1,23371.211249999313,194.76009374999427,14.413330635213843,0.31,0.11,4.879428792474998,8.031576861629713,22.320773757031898,60.47458770399917,[1664349960],"[[0, 0, 0, 0]]",20,17300,PE,ITM_3,0,0,0,1,0,0,1,0,1,0,0,0,0,0,0,0,0,0,0,0,0,2022-09-28 12:56:00
2022-09-28,NIFTY_17100_PE,OPTION_CHEAP_BUY,SIG_37,1,1,1664349960,1664353560,169.0,172.5,3.5,-0.0,Wednesday,1,17100_PE,185.9,84.5,60,1,0,0,1664349960,True,0,GAP_DOWN,8,16967.65,0.36,0.3,0.08,0.05,0.17,0.0046,-0.2189,0.97,0.99,0.52,0.5627,-0.0427,0.72,0.41,1.3928,0.3883,-32.349999999998545,0,1,0,0,0,0,0,0,1,0,0,0,0,0,0,0,0,0,0,0,0,0,0,0,1,1,0,1,0,1,0,0,1,0.42,0.28,0.3,-1,0.85,0.23,0.18,0.59,0.91,-1,0.0,-0.17,1,1,1,1,1,23371.211249999313,194.76009374999427,14.413330635213843,0.31,0.11,4.879428792474998,8.031576861629713,22.320773757031898,60.47458770399917,[1664349960],"[[0, 0, 0, 0]]",30,17100,PE,ITM_1,0,0,0,1,0,0,1,0,1,0,0,0,0,0,0,0,0,0,0,0,0,2022-09-28 12:56:00
2022-09-28,NIFTY_17300_PE,OPTION_CHEAP_BUY,SIG_38,1,1,1664350080,1664353680,343.1,370.95,27.85,-0.0,Wednesday,1,17300_PE,377.4100000000001,171.55,60,1,0,0,1664350080,True,0,GAP_DOWN,8,16970.85,0.36,0.3,0.08,0.05,0.18,0.0046,-0.2189,0.97,0.99,0.52,0.5627,-0.0427,0.72,0.41,1.3928,0.3883,-29.150000000001455,0,1,0,0,0,0,0,0,1,0,0,0,0,0,0,0,0,0,0,0,0,0,0,0,1,1,0,1,0,1,0,0,1,0.42,0.28,0.3,-1,0.85,0.23,0.18,0.59,0.91,-1,0.0,-0.17,1,1,1,1,1,23718.247499999274,197.65206249999395,14.519947199169156,0.32,0.11,4.795455861562769,8.171815289780772,21.55912211268442,62.604904809651366,[1664350080],"[[0, 0, 0, 0]]",20,17300,PE,ITM_3,0,0,0,1,0,0,1,0,0,0,0,0,0,0,0,0,0,0,0,0,0,2022-09-28 12:58:00
2022-09-28,NIFTY_17100_PE,OPTION_CHEAP_BUY,SIG_39,1,1,1664350320,1664353680,172.4,190.4,18.0,-0.0,Wednesday,1,17100_PE,189.64000000000001,86.2,60,1,1,0,1664350320,True,0,GAP_DOWN,8,16968.85,0.33,0.3,0.07,0.05,0.14,-0.0053,-0.1858,0.97,0.99,0.52,0.5571,-0.0371,0.71,0.41,1.4379,0.3918,-31.150000000001455,0,1,0,0,0,0,0,0,1,0,0,0,0,0,0,0,0,0,0,0,0,0,0,0,1,1,0,1,0,1,0,0,1,0.42,0.28,0.3,-1,0.85,0.23,0.18,0.59,0.91,-1,0.0,-0.17,1,1,1,1,1,23718.247499999274,197.65206249999395,14.519947199169156,0.32,0.11,4.795455861562769,8.171815289780772,21.55912211268442,62.604904809651366,[1664350320],"[[0, 0, 0, 0]]",30,17100,PE,ITM_1,0,0,0,0,0,0,1,0,0,0,0,0,0,0,0,0,0,0,0,0,0,2022-09-28 13:02:00
2022-09-28,NIFTY_17300_PE,OPTION_CHEAP_BUY,SIG_40,1,1,1664350380,1664353740,338.0,373.6,35.6,-0.0,Wednesday,1,17300_PE,371.8,169.0,60,1,1,0,1664350380,True,0,GAP_DOWN,8,16973.4,0.33,0.3,0.07,0.05,0.14,-0.0053,-0.1858,0.97,0.99,0.52,0.5571,-0.0371,0.71,0.41,1.4379,0.3918,-26.599999999998545,0,1,0,0,0,0,0,0,1,0,0,0,0,0,0,0,0,0,0,0,0,0,0,0,1,1,0,1,0,1,0,0,1,0.42,0.28,0.3,-1,0.85,0.23,0.18,0.59,0.91,-1,0.0,-0.17,1,1,1,1,1,23718.247499999274,197.65206249999395,14.519947199169156,0.32,0.11,4.795455861562769,8.171815289780772,21.55912211268442,62.604904809651366,[1664350380],"[[0, 0, 0, 0]]",20,17300,PE,ITM_3,0,0,0,0,0,0,1,0,0,0,0,0,0,0,0,0,0,0,0,0,0,2022-09-28 13:03:00
2022-09-28,NIFTY_17100_PE,OPTION_CHEAP_BUY,SIG_41,1,1,1664350740,1664353740,173.25,195.6,22.35,-0.0,Wednesday,1,17100_PE,190.57500000000002,86.625,60,1,1,0,1664350740,True,0,GAP_DOWN,8,16960.9,0.33,0.3,0.07,0.05,0.14,-0.0077,-0.1776,0.97,0.98,0.51,0.5543,-0.0443,0.7,0.4,1.4583,0.3916,-39.099999999998545,0,0,0,0,0,0,0,0,0,0,0,0,0,0,0,0,0,0,0,0,0,0,0,0,1,1,0,1,0,1,0,0,1,0.42,0.28,0.3,-1,0.85,0.23,0.18,0.59,0.91,-1,0.0,-0.17,1,1,1,1,1,24059.29124999926,200.49409374999382,14.623965490476929,0.32,0.1,4.703848752698336,8.30300314936467,20.74330602024534,64.63111996721216,[1664350740],"[[0, 0, 0, 0]]",30,17100,PE,ITM_1,0,0,0,0,0,0,1,0,0,0,0,0,0,0,0,0,0,0,0,0,0,2022-09-28 13:09:00
2022-09-28,NIFTY_17100_PE,OPTION_CHEAP_BUY,SIG_42,1,1,1664351100,1664353620,169.4,188.5,19.1,-0.0,Wednesday,1,17100_PE,186.34000000000003,84.7,60,1,1,0,1664351100,True,0,GAP_DOWN,8,16964.9,0.33,0.3,0.07,0.04,0.14,-0.0016,-0.195,0.95,0.98,0.51,0.5558,-0.0458,0.71,0.4,1.4721,0.3933,-35.099999999998545,0,1,0,0,0,0,0,0,0,0,0,0,0,0,0,0,0,0,0,0,0,0,0,0,1,1,0,1,0,1,0,0,1,0.42,0.28,0.3,-1,0.85,0.23,0.18,0.59,0.91,-1,0.0,-0.17,1,1,1,1,1,24059.29124999926,200.49409374999382,14.623965490476929,0.32,0.1,4.703848752698336,8.30300314936467,20.74330602024534,64.63111996721216,[1664351100],"[[0, 0, 0, 0]]",30,17100,PE,ITM_1,0,0,0,0,0,0,1,0,0,0,0,0,0,0,0,0,0,0,0,0,0,2022-09-28 13:15:00
2022-09-28,NIFTY_17300_PE,OPTION_CHEAP_BUY,SIG_43,1,1,1664351160,1664353620,328.8,366.75,37.95,-0.0,Wednesday,1,17300_PE,361.68000000000006,164.4,60,1,1,0,1664351160,True,0,GAP_DOWN,9,16971.1,0.31,0.3,0.09,0.06,0.18,0.0063,-0.2204,0.96,0.98,0.52,0.5575,-0.0375,0.72,0.4,1.4484,0.3922,-28.900000000001455,0,1,0,0,0,0,0,0,1,0,0,0,0,0,0,0,0,0,0,0,0,0,0,0,1,1,0,1,0,1,0,0,1,0.42,0.28,0.3,-1,0.85,0.23,0.18,0.59,0.91,-1,0.0,-0.17,1,1,1,1,1,24059.29124999926,200.49409374999382,14.623965490476929,0.32,0.1,4.703848752698336,8.30300314936467,20.74330602024534,64.63111996721216,[1664351160],"[[0, 0, 0, 0]]",20,17300,PE,ITM_3,0,0,0,0,0,0,1,0,0,0,0,0,0,0,0,0,0,0,0,0,0,2022-09-28 13:16:00
2022-09-28,NIFTY_17200_PE,OPTION_CHEAP_BUY,SIG_44,1,1,1664351400,1664352720,235.0,262.15,27.15,-0.0,Wednesday,1,17200_PE,258.5,117.5,60,1,1,0,1664351400,True,0,GAP_DOWN,9,16980.55,0.31,0.3,0.08,0.06,0.16,0.0063,-0.2204,0.96,0.98,0.52,0.5575,-0.0375,0.72,0.4,1.4484,0.3922,-19.450000000000728,0,0,0,0,0,0,0,0,1,0,0,0,0,0,0,0,0,0,0,0,0,0,0,0,1,1,0,1,0,1,0,0,1,0.42,0.28,0.3,-1,0.85,0.23,0.18,0.59,0.91,-1,0.0,-0.17,1,1,1,1,1,24430.44749999926,203.58706249999383,14.736333781959702,0.33,0.1,4.755230570839716,8.470714448701441,21.198954170483074,67.26844056697442,[1664351400],"[[0, 0, 0, 0]]",30,17200,PE,ITM_2,0,0,0,0,0,0,1,0,0,0,0,0,0,0,0,0,0,0,0,0,0,2022-09-28 13:20:00
2022-09-28,NIFTY_17200_PE,OPTION_CHEAP_BUY,SIG_45,1,1,1664351640,1664352660,230.55,254.2,23.65,-0.0,Wednesday,1,17200_PE,253.60500000000005,115.275,60,1,1,0,1664351640,True,0,GAP_DOWN,9,16981.7,0.31,0.3,0.08,0.06,0.16,0.0234,-0.2686,0.94,0.98,0.51,0.5568,-0.0468,0.72,0.4,1.4715,0.3897,-18.299999999999272,0,0,0,0,0,0,0,0,1,0,0,0,0,0,0,0,0,0,0,0,0,0,0,0,1,1,0,1,0,1,0,0,1,0.42,0.28,0.3,-1,0.85,0.23,0.18,0.59,0.91,-1,0.0,-0.17,1,1,1,1,1,24515.186249999173,204.29321874999312,14.761868671230594,0.33,0.1,4.7773602158449,8.502663333020008,21.396722467441528,67.77682852001524,[1664351640],"[[0, 0, 0, 0]]",30,17200,PE,ITM_2,0,0,0,0,0,0,1,0,0,0,0,0,0,0,0,0,0,0,0,0,0,2022-09-28 13:24:00
2022-09-28,NIFTY_17100_PE,OPTION_CHEAP_BUY,SIG_46,1,1,1664351700,1664352540,147.4,165.7,18.3,-0.0,Wednesday,1,17100_PE,162.14000000000001,73.7,60,1,1,0,1664351700,True,0,GAP_DOWN,9,16991.75,0.31,0.3,0.08,0.06,0.16,0.0234,-0.2686,0.94,0.98,0.51,0.5568,-0.0468,0.72,0.4,1.4715,0.3897,-8.25,0,0,0,0,0,1,0,0,1,0,0,0,0,0,0,0,0,0,0,0,0,0,0,0,1,1,0,1,0,1,0,0,1,0.42,0.28,0.3,-1,0.85,0.23,0.18,0.59,0.91,-1,0.0,-0.17,1,1,1,1,1,24515.186249999173,204.29321874999312,14.761868671230594,0.33,0.1,4.7773602158449,8.502663333020008,21.396722467441528,67.77682852001524,[1664351700],"[[0, 0, 0, 0]]",40,17100,PE,ITM_1,0,0,0,1,0,0,1,0,0,0,0,0,0,0,0,0,0,0,0,0,0,2022-09-28 13:25:00
2022-09-28,NIFTY_17100_PE,OPTION_CHEAP_BUY,SIG_47,1,1,1664352780,1664353740,173.2,195.6,22.4,-0.0,Wednesday,1,17100_PE,190.52,86.6,60,1,1,0,1664352780,True,0,GAP_DOWN,9,16956.1,0.29,0.3,0.07,0.04,0.14,0.0247,-0.2928,0.95,0.99,0.5,0.5478,-0.0478,0.72,0.37,1.2312,0.3343,-43.900000000001455,0,0,0,0,0,0,0,0,0,0,0,0,0,0,0,0,0,0,0,0,0,0,0,0,1,1,0,1,0,1,0,0,1,0.42,0.28,0.3,-1,0.85,0.23,0.18,0.59,0.91,-1,0.0,-0.17,1,1,1,1,1,25009.646249999198,208.4137187499933,14.909995528727015,0.34,0.11,4.92450377147913,8.675420277502905,22.735066308105168,70.5589846793518,[1664352780],"[[0, 0, 0, 0]]",30,17100,PE,ITM_1,0,0,0,1,0,0,1,0,0,0,0,0,0,0,0,0,0,0,0,0,0,2022-09-28 13:43:00
2022-09-28,NIFTY_17100_PE,OPTION_CHEAP_BUY,SIG_48,1,1,1664352900,1664353740,174.55,195.6,21.05,-0.0,Wednesday,1,17100_PE,192.00500000000002,87.275,60,1,1,0,1664352900,True,0,GAP_DOWN,9,16957.85,0.29,0.3,0.06,0.04,0.14,0.0247,-0.2928,0.95,0.99,0.5,0.5478,-0.0478,0.72,0.37,1.2312,0.3343,-42.150000000001455,0,0,0,0,0,0,0,0,0,0,0,0,0,0,0,0,0,0,0,0,0,0,0,0,1,1,0,1,0,1,0,0,1,0.42,0.28,0.3,-1,0.85,0.23,0.18,0.59,0.91,-1,0.0,-0.17,1,1,1,1,1,25995.201249999263,216.6266770833272,15.200936009191967,0.36,0.1,4.741307598490336,9.069325566346599,21.07499788453331,77.1118745891138,[1664352900],"[[0, 0, 0, 0]]",30,17100,PE,ITM_1,0,0,0,1,0,0,1,0,0,0,0,0,0,0,0,0,0,0,0,0,0,2022-09-28 13:45:00
