Time,index,Close,Inflex,FPInflex,FPLCount,FPHCount,FPL In Range,FPH In Range,Lowest FPL,Highest FPH,FPTrend,SPTrend,TPInflex,TPLCount,TPHCount,TPL In Range,TPH In Range,Lowest TPL,Highest TPH,Local Min,Local Max,SPExt,Local Fourth Min,Local Fourth Max,FourthExt
1655091900,0,15834.5,LH,FPH,0.0,1.0,0.0,1.0,0.0,15834.5,,,SPH,0.0,0.0,0.0,0.0,0.0,0.0,,15834.5,SPH,15822.8,0.0,
1655091960,1,15822.8,LL,FPL,1.0,1.0,1.0,0.0,15822.8,15834.5,,,TPL,1.0,0.0,1.0,0.0,15822.8,0.0,15822.8,15834.5,SPL,15822.8,0.0,FRPL
1655092020,2,15835.1,LH,FPH,1.0,2.0,0.0,1.0,15822.8,15835.1,,,TPH,1.0,1.0,0.0,1.0,15822.8,15835.1,15822.8,15835.1,SPH,15822.8,15835.1,FRPH
1655092080,3,15814.65,LL,FPL,2.0,2.0,1.0,0.0,15814.65,15835.1,,,,1.0,1.0,0.0,1.0,15822.8,15835.1,15814.65,15835.1,SPL,15752.8,15835.1,
1655092140,4,15817.4,,,2.0,2.0,1.0,0.0,15814.65,15835.1,,,,1.0,1.0,0.0,1.0,15822.8,15835.1,15814.65,15836.3,,15752.8,15835.1,
1655092200,5,15832.05,,,2.0,2.0,1.0,0.0,15814.65,15835.1,,,,1.0,1.0,0.0,1.0,15822.8,15835.1,15814.65,15836.3,,15752.8,15835.1,
1655092260,6,15835.25,,,2.0,2.0,1.0,0.0,15814.65,15835.1,,,,1.0,1.0,0.0,1.0,15822.8,15835.1,15814.65,15836.3,,15752.8,15835.1,
1655092320,7,15836.3,LH,FPH,2.0,3.0,0.0,1.0,15814.65,15836.3,,,,1.0,1.0,0.0,1.0,15822.8,15835.1,15814.65,15836.3,SPH,15752.8,15835.1,
1655092380,8,15812.85,,,2.0,3.0,0.0,1.0,15814.65,15836.3,,,,1.0,1.0,0.0,1.0,15822.8,15835.1,15783.2,15836.3,,15752.8,15835.1,
1655092440,9,15805.45,,,2.0,3.0,0.0,1.0,15814.65,15836.3,,,,1.0,1.0,0.0,1.0,15822.8,15835.1,15783.2,15836.3,,15752.8,15835.1,
1655092500,10,15798.45,,,2.0,3.0,0.0,1.0,15814.65,15836.3,,,,1.0,1.0,0.0,1.0,15822.8,15835.1,15783.2,15836.3,,15752.8,15835.1,
1655092560,11,15791.7,,,2.0,3.0,0.0,1.0,15814.65,15836.3,,,,1.0,1.0,0.0,1.0,15822.8,15835.1,15783.2,15836.3,,15752.8,15835.1,
1655092620,12,15783.2,LL,FPL,3.0,3.0,1.0,0.0,15783.2,15836.3,,,TPL,2.0,1.0,1.0,0.0,15783.2,15835.1,15783.2,15836.3,SPL,15752.8,15835.1,
1655092680,13,15798.05,LH,FPH,3.0,4.0,0.0,1.0,15783.2,15798.05,,,,2.0,1.0,1.0,0.0,15783.2,15835.1,15783.2,15798.05,SPH,15752.8,15835.1,
1655092740,14,15791.7,,,3.0,4.0,0.0,1.0,15783.2,15798.05,,,,2.0,1.0,1.0,0.0,15783.2,15835.1,15784.9,15798.05,,15752.8,15835.1,
1655092800,15,15784.9,LL,FPL,4.0,4.0,1.0,0.0,15784.9,15798.05,,,TPL,3.0,1.0,2.0,0.0,15783.2,15835.1,15784.9,15798.05,SPL,15752.8,15835.1,
1655092860,16,15791.2,,,4.0,4.0,1.0,0.0,15784.9,15798.05,,,,3.0,1.0,2.0,0.0,15783.2,15835.1,15784.9,15797.2,,15752.8,15835.1,
1655092920,17,15797.2,LH,FPH,4.0,5.0,0.0,1.0,15784.9,15797.2,,,,3.0,1.0,2.0,0.0,15783.2,15835.1,15784.9,15797.2,SPH,15752.8,15835.1,
1655092980,18,15785.9,,,4.0,5.0,0.0,1.0,15784.9,15797.2,,,,3.0,1.0,2.0,0.0,15783.2,15835.1,15784.35,15797.2,,15752.8,15835.1,
1655093040,19,15784.35,LL,FPL,5.0,5.0,1.0,0.0,15784.35,15797.2,,,TPL,4.0,1.0,3.0,0.0,15783.2,15835.1,15784.35,15797.2,SPL,15752.8,15835.1,
1655093100,20,15790.4,,,5.0,5.0,1.0,0.0,15784.35,15797.2,,,,4.0,1.0,3.0,0.0,15783.2,15835.1,15784.35,15793.95,,15752.8,15835.1,
1655093160,21,15793.95,LH,FPH,5.0,6.0,0.0,1.0,15784.35,15793.95,,,,4.0,1.0,3.0,0.0,15783.2,15835.1,15784.35,15793.95,SPH,15752.8,15835.1,
1655093220,22,15787.25,,,5.0,6.0,0.0,1.0,15784.35,15793.95,,,,4.0,1.0,3.0,0.0,15783.2,15835.1,15771.4,15793.95,,15752.8,15835.1,
1655093280,23,15787.0,,,5.0,6.0,0.0,1.0,15784.35,15793.95,,,,4.0,1.0,3.0,0.0,15783.2,15835.1,15771.4,15793.95,,15752.8,15835.1,
1655093340,24,15785.1,,,5.0,6.0,0.0,1.0,15784.35,15793.95,,,,4.0,1.0,3.0,0.0,15783.2,15835.1,15771.4,15793.95,,15752.8,15835.1,
1655093400,25,15771.4,LL,FPL,6.0,6.0,1.0,0.0,15771.4,15793.95,,,TPL,5.0,1.0,4.0,0.0,15771.4,15835.1,15771.4,15793.95,SPL,15752.8,15835.1,
1655093460,26,15784.75,,,6.0,6.0,1.0,0.0,15771.4,15793.95,,,,5.0,1.0,4.0,0.0,15771.4,15835.1,15771.4,15787.55,,15752.8,15835.1,
1655093520,27,15787.55,LH,FPH,6.0,7.0,0.0,1.0,15771.4,15787.55,,,,5.0,1.0,4.0,0.0,15771.4,15835.1,15771.4,15787.55,SPH,15752.8,15835.1,
1655093580,28,15779.85,LL,,6.0,7.0,0.0,1.0,15771.4,15787.55,,,,5.0,1.0,4.0,0.0,15771.4,15835.1,15772.1,15787.55,,15752.8,15835.1,
1655093640,29,15779.85,,,6.0,7.0,0.0,1.0,15771.4,15787.55,,,,5.0,1.0,4.0,0.0,15771.4,15835.1,15772.1,15787.55,,15752.8,15835.1,
1655093700,30,15772.1,LL,FPL,7.0,7.0,1.0,0.0,15772.1,15787.55,,,TPL,6.0,1.0,5.0,0.0,15771.4,15835.1,15772.1,15787.55,SPL,15752.8,15835.1,
1655093760,31,15779.75,,,7.0,7.0,1.0,0.0,15772.1,15787.55,,,,6.0,1.0,5.0,0.0,15771.4,15835.1,15772.1,15798.6,,15752.8,15835.1,
1655093820,32,15782.15,LH,FPH,7.0,8.0,0.0,1.0,15772.1,15782.15,,,,6.0,1.0,5.0,0.0,15771.4,15835.1,15772.1,15798.6,,15752.8,15835.1,
1655093880,33,15781.65,LL,,7.0,8.0,0.0,1.0,15772.1,15782.15,,,,6.0,1.0,5.0,0.0,15771.4,15835.1,15772.1,15798.6,,15752.8,15835.1,
1655093940,34,15785.35,,,7.0,8.0,0.0,1.0,15772.1,15782.15,,,,6.0,1.0,5.0,0.0,15771.4,15835.1,15772.1,15798.6,,15752.8,15835.1,
1655094000,35,15797.6,LH,FPH,7.0,9.0,0.0,2.0,15772.1,15797.6,,,,6.0,1.0,5.0,0.0,15771.4,15835.1,15772.1,15798.6,,15752.8,15835.1,
1655094060,36,15797.6,,,7.0,9.0,0.0,2.0,15772.1,15797.6,,,,6.0,1.0,5.0,0.0,15771.4,15835.1,15772.1,15798.6,,15752.8,15835.1,
1655094120,37,15794.4,LL,,7.0,9.0,0.0,2.0,15772.1,15797.6,,,,6.0,1.0,5.0,0.0,15771.4,15835.1,15772.1,15798.6,,15752.8,15835.1,
1655094180,38,15796.5,,,7.0,9.0,0.0,2.0,15772.1,15797.6,,,,6.0,1.0,5.0,0.0,15771.4,15835.1,15772.1,15798.6,,15752.8,15835.1,
1655094240,39,15798.6,LH,FPH,7.0,10.0,0.0,3.0,15772.1,15798.6,,,,6.0,1.0,5.0,0.0,15771.4,15835.1,15772.1,15798.6,SPH,15752.8,15835.1,
1655094300,40,15790.35,,,7.0,10.0,0.0,3.0,15772.1,15798.6,,,,6.0,1.0,5.0,0.0,15771.4,15835.1,15763.45,15798.6,,15752.8,15835.1,
1655094360,41,15789.05,LL,FPL,8.0,10.0,1.0,0.0,15789.05,15798.6,,,,6.0,1.0,5.0,0.0,15771.4,15835.1,15763.45,15798.6,,15752.8,15835.1,
1655094420,42,15791.85,,,8.0,10.0,1.0,0.0,15789.05,15798.6,,,,6.0,1.0,5.0,0.0,15771.4,15835.1,15763.45,15798.6,,15752.8,15835.1,
1655094480,43,15795.5,,,8.0,10.0,1.0,0.0,15789.05,15798.6,,,,6.0,1.0,5.0,0.0,15771.4,15835.1,15763.45,15798.6,,15752.8,15835.1,
1655094540,44,15795.95,LH,,8.0,10.0,1.0,0.0,15789.05,15798.6,,,,6.0,1.0,5.0,0.0,15771.4,15835.1,15763.45,15798.6,,15752.8,15835.1,
1655094600,45,15787.65,LL,FPL,9.0,10.0,2.0,0.0,15787.65,15798.6,,,,6.0,1.0,5.0,0.0,15771.4,15835.1,15763.45,15798.6,,15752.8,15835.1,
1655094660,46,15791.0,LH,,9.0,10.0,2.0,0.0,15787.65,15798.6,,,,6.0,1.0,5.0,0.0,15771.4,15835.1,15763.45,15798.6,,15752.8,15835.1,
1655094720,47,15785.3,,,9.0,10.0,2.0,0.0,15787.65,15798.6,,,,6.0,1.0,5.0,0.0,15771.4,15835.1,15763.45,15798.6,,15752.8,15835.1,
1655094780,48,15781.25,,,9.0,10.0,2.0,0.0,15787.65,15798.6,,,,6.0,1.0,5.0,0.0,15771.4,15835.1,15763.45,15798.6,,15752.8,15835.1,
1655094840,49,15777.95,,,9.0,10.0,2.0,0.0,15787.65,15798.6,,,,6.0,1.0,5.0,0.0,15771.4,15835.1,15763.45,15798.6,,15752.8,15835.1,
1655094900,50,15775.7,,,9.0,10.0,2.0,0.0,15787.65,15798.6,,,,6.0,1.0,5.0,0.0,15771.4,15835.1,15763.45,15798.6,,15752.8,15835.1,
1655094960,51,15769.45,,,9.0,10.0,2.0,0.0,15787.65,15798.6,,,,6.0,1.0,5.0,0.0,15771.4,15835.1,15763.45,15798.6,,15752.8,15835.1,
1655095020,52,15764.45,,,9.0,10.0,2.0,0.0,15787.65,15798.6,,,,6.0,1.0,5.0,0.0,15771.4,15835.1,15763.45,15798.6,,15752.8,15835.1,
1655095080,53,15763.45,LL,FPL,10.0,10.0,3.0,0.0,15763.45,15798.6,,,TPL,7.0,1.0,6.0,0.0,15763.45,15835.1,15763.45,15798.6,SPL,15752.8,15835.1,
1655095140,54,15772.1,,,10.0,10.0,3.0,0.0,15763.45,15798.6,,,,7.0,1.0,6.0,0.0,15763.45,15835.1,15763.45,15777.65,,15752.8,15835.1,
1655095200,55,15772.55,,,10.0,10.0,3.0,0.0,15763.45,15798.6,,,,7.0,1.0,6.0,0.0,15763.45,15835.1,15763.45,15777.65,,15752.8,15835.1,
1655095260,56,15775.95,LH,FPH,10.0,11.0,0.0,1.0,15763.45,15775.95,,,,7.0,1.0,6.0,0.0,15763.45,15835.1,15763.45,15777.65,,15752.8,15835.1,
1655095320,57,15773.75,,,10.0,11.0,0.0,1.0,15763.45,15775.95,,,,7.0,1.0,6.0,0.0,15763.45,15835.1,15763.45,15777.65,,15752.8,15835.1,
1655095380,58,15772.3,LL,,10.0,11.0,0.0,1.0,15763.45,15775.95,,,,7.0,1.0,6.0,0.0,15763.45,15835.1,15763.45,15777.65,,15752.8,15835.1,
1655095440,59,15777.65,LH,FPH,10.0,12.0,0.0,2.0,15763.45,15777.65,,,,7.0,1.0,6.0,0.0,15763.45,15835.1,15763.45,15777.65,SPH,15752.8,15835.1,
1655095500,60,15768.5,,,10.0,12.0,0.0,2.0,15763.45,15777.65,,,,7.0,1.0,6.0,0.0,15763.45,15835.1,15752.8,15777.65,,15752.8,15835.1,
1655095560,61,15761.55,,,10.0,12.0,0.0,2.0,15763.45,15777.65,,,,7.0,1.0,6.0,0.0,15763.45,15835.1,15752.8,15777.65,,15752.8,15835.1,
1655095620,62,15758.1,,,10.0,12.0,0.0,2.0,15763.45,15777.65,,,,7.0,1.0,6.0,0.0,15763.45,15835.1,15752.8,15777.65,,15752.8,15835.1,
1655095680,63,15752.8,LL,FPL,11.0,12.0,1.0,0.0,15752.8,15777.65,,,TPL,8.0,1.0,7.0,0.0,15752.8,15835.1,15752.8,15777.65,SPL,15752.8,15835.1,FRPL
1655095740,64,15753.0,,,11.0,12.0,1.0,0.0,15752.8,15777.65,,,,8.0,1.0,7.0,0.0,15752.8,15835.1,15752.8,15798.8,,15752.8,15818.7,
1655095800,65,15758.55,,,11.0,12.0,1.0,0.0,15752.8,15777.65,,,,8.0,1.0,7.0,0.0,15752.8,15835.1,15752.8,15798.8,,15752.8,15818.7,
1655095860,66,15760.7,LH,FPH,11.0,13.0,0.0,1.0,15752.8,15760.7,,,,8.0,1.0,7.0,0.0,15752.8,15835.1,15752.8,15798.8,,15752.8,15818.7,
1655095920,67,15755.65,LL,,11.0,13.0,0.0,1.0,15752.8,15760.7,,,,8.0,1.0,7.0,0.0,15752.8,15835.1,15752.8,15798.8,,15752.8,15818.7,
1655095980,68,15757.5,,,11.0,13.0,0.0,1.0,15752.8,15760.7,,,,8.0,1.0,7.0,0.0,15752.8,15835.1,15752.8,15798.8,,15752.8,15818.7,
1655096040,69,15757.8,,,11.0,13.0,0.0,1.0,15752.8,15760.7,,,,8.0,1.0,7.0,0.0,15752.8,15835.1,15752.8,15798.8,,15752.8,15818.7,
1655096100,70,15759.4,,,11.0,13.0,0.0,1.0,15752.8,15760.7,,,,8.0,1.0,7.0,0.0,15752.8,15835.1,15752.8,15798.8,,15752.8,15818.7,
1655096160,71,15766.1,,,11.0,13.0,0.0,1.0,15752.8,15760.7,,,,8.0,1.0,7.0,0.0,15752.8,15835.1,15752.8,15798.8,,15752.8,15818.7,
1655096220,72,15768.55,LH,FPH,11.0,14.0,0.0,2.0,15752.8,15768.55,,,,8.0,1.0,7.0,0.0,15752.8,15835.1,15752.8,15798.8,,15752.8,15818.7,
1655096280,73,15767.25,LL,,11.0,14.0,0.0,2.0,15752.8,15768.55,,,,8.0,1.0,7.0,0.0,15752.8,15835.1,15752.8,15798.8,,15752.8,15818.7,
1655096340,74,15773.9,LH,FPH,11.0,15.0,0.0,3.0,15752.8,15773.9,,,,8.0,1.0,7.0,0.0,15752.8,15835.1,15752.8,15798.8,,15752.8,15818.7,
1655096400,75,15771.0,LL,,11.0,15.0,0.0,3.0,15752.8,15773.9,,,,8.0,1.0,7.0,0.0,15752.8,15835.1,15752.8,15798.8,,15752.8,15818.7,
1655096460,76,15777.9,LH,FPH,11.0,16.0,0.0,4.0,15752.8,15777.9,,,,8.0,1.0,7.0,0.0,15752.8,15835.1,15752.8,15798.8,,15752.8,15818.7,
1655096520,77,15775.95,LL,,11.0,16.0,0.0,4.0,15752.8,15777.9,,,,8.0,1.0,7.0,0.0,15752.8,15835.1,15752.8,15798.8,,15752.8,15818.7,
1655096580,78,15777.2,,,11.0,16.0,0.0,4.0,15752.8,15777.9,,,,8.0,1.0,7.0,0.0,15752.8,15835.1,15752.8,15798.8,,15752.8,15818.7,
1655096640,79,15788.8,LH,FPH,11.0,17.0,0.0,5.0,15752.8,15788.8,,,,8.0,1.0,7.0,0.0,15752.8,15835.1,15752.8,15798.8,,15752.8,15818.7,
1655096700,80,15782.2,LL,,11.0,17.0,0.0,5.0,15752.8,15788.8,,,,8.0,1.0,7.0,0.0,15752.8,15835.1,15752.8,15798.8,,15752.8,15818.7,
1655096760,81,15786.9,,,11.0,17.0,0.0,5.0,15752.8,15788.8,,,,8.0,1.0,7.0,0.0,15752.8,15835.1,15752.8,15798.8,,15752.8,15818.7,
1655096820,82,15789.1,LH,FPH,11.0,18.0,0.0,6.0,15752.8,15789.1,,,,8.0,1.0,7.0,0.0,15752.8,15835.1,15752.8,15798.8,,15752.8,15818.7,
1655096880,83,15788.75,,,11.0,18.0,0.0,6.0,15752.8,15789.1,,,,8.0,1.0,7.0,0.0,15752.8,15835.1,15752.8,15798.8,,15752.8,15818.7,
1655096940,84,15788.7,LL,,11.0,18.0,0.0,6.0,15752.8,15789.1,,,,8.0,1.0,7.0,0.0,15752.8,15835.1,15752.8,15798.8,,15752.8,15818.7,
1655097000,85,15791.0,,,11.0,18.0,0.0,6.0,15752.8,15789.1,,,,8.0,1.0,7.0,0.0,15752.8,15835.1,15752.8,15798.8,,15752.8,15818.7,
1655097060,86,15796.7,,,11.0,18.0,0.0,6.0,15752.8,15789.1,,,,8.0,1.0,7.0,0.0,15752.8,15835.1,15752.8,15798.8,,15752.8,15818.7,
1655097120,87,15798.8,LH,FPH,11.0,19.0,0.0,7.0,15752.8,15798.8,,,TPH,8.0,2.0,0.0,1.0,15752.8,15798.8,15752.8,15798.8,SPH,15752.8,15818.7,
1655097180,88,15796.15,,,11.0,19.0,0.0,7.0,15752.8,15798.8,,,,8.0,2.0,0.0,1.0,15752.8,15798.8,15779.4,15798.8,,15752.8,15818.7,
1655097240,89,15786.95,,,11.0,19.0,0.0,7.0,15752.8,15798.8,,,,8.0,2.0,0.0,1.0,15752.8,15798.8,15779.4,15798.8,,15752.8,15818.7,
1655097300,90,15785.6,,,11.0,19.0,0.0,7.0,15752.8,15798.8,,,,8.0,2.0,0.0,1.0,15752.8,15798.8,15779.4,15798.8,,15752.8,15818.7,
1655097360,91,15782.55,LL,FPL,12.0,19.0,1.0,0.0,15782.55,15798.8,,,,8.0,2.0,0.0,1.0,15752.8,15798.8,15779.4,15798.8,,15752.8,15818.7,
1655097420,92,15783.1,LH,,12.0,19.0,1.0,0.0,15782.55,15798.8,,,,8.0,2.0,0.0,1.0,15752.8,15798.8,15779.4,15798.8,,15752.8,15818.7,
1655097480,93,15780.7,,,12.0,19.0,1.0,0.0,15782.55,15798.8,,,,8.0,2.0,0.0,1.0,15752.8,15798.8,15779.4,15798.8,,15752.8,15818.7,
1655097540,94,15779.4,LL,FPL,13.0,19.0,2.0,0.0,15779.4,15798.8,,,,8.0,2.0,0.0,1.0,15752.8,15798.8,15779.4,15798.8,SPL,15752.8,15818.7,
1655097600,95,15781.8,,,13.0,19.0,2.0,0.0,15779.4,15798.8,,,,8.0,2.0,0.0,1.0,15752.8,15798.8,15779.4,15803.45,,15752.8,15818.7,
1655097660,96,15791.4,,,13.0,19.0,2.0,0.0,15779.4,15798.8,,,,8.0,2.0,0.0,1.0,15752.8,15798.8,15779.4,15803.45,,15752.8,15818.7,
1655097720,97,15792.45,LH,FPH,13.0,20.0,0.0,1.0,15779.4,15792.45,,,,8.0,2.0,0.0,1.0,15752.8,15798.8,15779.4,15803.45,,15752.8,15818.7,
1655097780,98,15787.9,LL,,13.0,20.0,0.0,1.0,15779.4,15792.45,,,,8.0,2.0,0.0,1.0,15752.8,15798.8,15779.4,15803.45,,15752.8,15818.7,
1655097840,99,15796.4,,,13.0,20.0,0.0,1.0,15779.4,15792.45,,,,8.0,2.0,0.0,1.0,15752.8,15798.8,15779.4,15803.45,,15752.8,15818.7,
1655097900,100,15797.2,LH,FPH,13.0,21.0,0.0,2.0,15779.4,15797.2,,,,8.0,2.0,0.0,1.0,15752.8,15798.8,15779.4,15803.45,,15752.8,15818.7,
1655097960,101,15793.9,,,13.0,21.0,0.0,2.0,15779.4,15797.2,,,,8.0,2.0,0.0,1.0,15752.8,15798.8,15779.4,15803.45,,15752.8,15818.7,
1655098020,102,15791.05,LL,,13.0,21.0,0.0,2.0,15779.4,15797.2,,,,8.0,2.0,0.0,1.0,15752.8,15798.8,15779.4,15803.45,,15752.8,15818.7,
1655098080,103,15794.65,,,13.0,21.0,0.0,2.0,15779.4,15797.2,,,,8.0,2.0,0.0,1.0,15752.8,15798.8,15779.4,15803.45,,15752.8,15818.7,
1655098140,104,15796.3,,,13.0,21.0,0.0,2.0,15779.4,15797.2,,,,8.0,2.0,0.0,1.0,15752.8,15798.8,15779.4,15803.45,,15752.8,15818.7,
1655098200,105,15803.45,LH,FPH,13.0,22.0,0.0,3.0,15779.4,15803.45,,,TPH,8.0,3.0,0.0,2.0,15752.8,15803.45,15779.4,15803.45,SPH,15752.8,15818.7,
1655098260,106,15796.95,,,13.0,22.0,0.0,3.0,15779.4,15803.45,,,,8.0,3.0,0.0,2.0,15752.8,15803.45,15791.05,15803.45,,15752.8,15818.7,
1655098320,107,15791.05,LL,FPL,14.0,22.0,1.0,0.0,15791.05,15803.45,,,,8.0,3.0,0.0,2.0,15752.8,15803.45,15791.05,15803.45,SPL,15752.8,15818.7,
1655098380,108,15796.25,,,14.0,22.0,1.0,0.0,15791.05,15803.45,,,,8.0,3.0,0.0,2.0,15752.8,15803.45,15791.05,15811.9,,15752.8,15818.7,
1655098440,109,15805.1,,,14.0,22.0,1.0,0.0,15791.05,15803.45,,,,8.0,3.0,0.0,2.0,15752.8,15803.45,15791.05,15811.9,,15752.8,15818.7,
1655098500,110,15811.9,LH,FPH,14.0,23.0,0.0,1.0,15791.05,15811.9,,,TPH,8.0,4.0,0.0,3.0,15752.8,15811.9,15791.05,15811.9,SPH,15752.8,15818.7,
1655098560,111,15808.25,,,14.0,23.0,0.0,1.0,15791.05,15811.9,,,,8.0,4.0,0.0,3.0,15752.8,15811.9,15791.05,15811.9,,15752.8,15818.7,
1655098620,112,15806.85,,,14.0,23.0,0.0,1.0,15791.05,15811.9,,,,8.0,4.0,0.0,3.0,15752.8,15811.9,15791.05,15811.9,,15752.8,15818.7,
1655098680,113,15806.7,LL,,14.0,23.0,0.0,1.0,15791.05,15811.9,,,,8.0,4.0,0.0,3.0,15752.8,15811.9,15791.05,15811.9,,15752.8,15818.7,
1655098740,114,15807.45,LH,FPH,14.0,24.0,0.0,2.0,15791.05,15811.9,,,,8.0,4.0,0.0,3.0,15752.8,15811.9,15791.05,15811.9,,15752.8,15818.7,
1655098800,115,15804.25,,,14.0,24.0,0.0,2.0,15791.05,15811.9,,,,8.0,4.0,0.0,3.0,15752.8,15811.9,15801.45,15811.9,,15752.8,15818.7,
1655098860,116,15802.9,LL,FPL,15.0,24.0,1.0,0.0,15802.9,15811.9,,,,8.0,4.0,0.0,3.0,15752.8,15811.9,15801.45,15811.9,,15752.8,15818.7,
1655098920,117,15805.8,,,15.0,24.0,1.0,0.0,15802.9,15811.9,,,,8.0,4.0,0.0,3.0,15752.8,15811.9,15801.45,15811.9,,15752.8,15818.7,
1655098980,118,15806.9,LH,,15.0,24.0,1.0,0.0,15802.9,15811.9,,,,8.0,4.0,0.0,3.0,15752.8,15811.9,15801.45,15811.9,,15752.8,15818.7,
1655099040,119,15806.4,LL,,15.0,24.0,1.0,0.0,15802.9,15811.9,,,,8.0,4.0,0.0,3.0,15752.8,15811.9,15801.45,15811.9,,15752.8,15818.7,
1655099100,120,15809.6,,,15.0,24.0,1.0,0.0,15802.9,15811.9,,,,8.0,4.0,0.0,3.0,15752.8,15811.9,15801.45,15811.9,,15752.8,15818.7,
1655099160,121,15809.9,LH,,15.0,24.0,1.0,0.0,15802.9,15811.9,,,,8.0,4.0,0.0,3.0,15752.8,15811.9,15801.45,15811.9,,15752.8,15818.7,
1655099220,122,15808.85,,,15.0,24.0,1.0,0.0,15802.9,15811.9,,,,8.0,4.0,0.0,3.0,15752.8,15811.9,15801.45,15811.9,,15752.8,15818.7,
1655099280,123,15806.75,,,15.0,24.0,1.0,0.0,15802.9,15811.9,,,,8.0,4.0,0.0,3.0,15752.8,15811.9,15801.45,15811.9,,15752.8,15818.7,
1655099340,124,15805.3,,,15.0,24.0,1.0,0.0,15802.9,15811.9,,,,8.0,4.0,0.0,3.0,15752.8,15811.9,15801.45,15811.9,,15752.8,15818.7,
1655099400,125,15801.45,LL,FPL,16.0,24.0,2.0,0.0,15801.45,15811.9,,,,8.0,4.0,0.0,3.0,15752.8,15811.9,15801.45,15811.9,SPL,15752.8,15818.7,
1655099460,126,15811.55,,,16.0,24.0,2.0,0.0,15801.45,15811.9,,,,8.0,4.0,0.0,3.0,15752.8,15811.9,15801.45,15818.7,,15752.8,15818.7,
1655099520,127,15812.75,,,16.0,24.0,2.0,0.0,15801.45,15811.9,,,,8.0,4.0,0.0,3.0,15752.8,15811.9,15801.45,15818.7,,15752.8,15818.7,
1655099580,128,15814.95,LH,FPH,16.0,25.0,0.0,1.0,15801.45,15814.95,,,,8.0,4.0,0.0,3.0,15752.8,15811.9,15801.45,15818.7,,15752.8,15818.7,
1655099640,129,15814.3,LL,,16.0,25.0,0.0,1.0,15801.45,15814.95,,,,8.0,4.0,0.0,3.0,15752.8,15811.9,15801.45,15818.7,,15752.8,15818.7,
1655099700,130,15816.25,,,16.0,25.0,0.0,1.0,15801.45,15814.95,,,,8.0,4.0,0.0,3.0,15752.8,15811.9,15801.45,15818.7,,15752.8,15818.7,
1655099760,131,15818.7,LH,FPH,16.0,26.0,0.0,2.0,15801.45,15818.7,,,TPH,8.0,5.0,0.0,4.0,15752.8,15818.7,15801.45,15818.7,SPH,15752.8,15818.7,FRPH
1655099820,132,15817.15,,,16.0,26.0,0.0,2.0,15801.45,15818.7,,,,8.0,5.0,0.0,4.0,15752.8,15818.7,15784.0,15818.7,,15689.15,15818.7,
1655099880,133,15813.75,,,16.0,26.0,0.0,2.0,15801.45,15818.7,,,,8.0,5.0,0.0,4.0,15752.8,15818.7,15784.0,15818.7,,15689.15,15818.7,
1655099940,134,15811.35,,,16.0,26.0,0.0,2.0,15801.45,15818.7,,,,8.0,5.0,0.0,4.0,15752.8,15818.7,15784.0,15818.7,,15689.15,15818.7,
1655100000,135,15810.2,,,16.0,26.0,0.0,2.0,15801.45,15818.7,,,,8.0,5.0,0.0,4.0,15752.8,15818.7,15784.0,15818.7,,15689.15,15818.7,
1655100060,136,15808.35,LL,FPL,17.0,26.0,1.0,0.0,15808.35,15818.7,,,,8.0,5.0,0.0,4.0,15752.8,15818.7,15784.0,15818.7,,15689.15,15818.7,
1655100120,137,15812.15,LH,,17.0,26.0,1.0,0.0,15808.35,15818.7,,,,8.0,5.0,0.0,4.0,15752.8,15818.7,15784.0,15818.7,,15689.15,15818.7,
1655100180,138,15803.9,,,17.0,26.0,1.0,0.0,15808.35,15818.7,,,,8.0,5.0,0.0,4.0,15752.8,15818.7,15784.0,15818.7,,15689.15,15818.7,
1655100240,139,15795.45,,,17.0,26.0,1.0,0.0,15808.35,15818.7,,,,8.0,5.0,0.0,4.0,15752.8,15818.7,15784.0,15818.7,,15689.15,15818.7,
1655100300,140,15788.35,LL,FPL,18.0,26.0,2.0,0.0,15788.35,15818.7,,,,8.0,5.0,0.0,4.0,15752.8,15818.7,15784.0,15818.7,,15689.15,15818.7,
1655100360,141,15793.4,LH,,18.0,26.0,2.0,0.0,15788.35,15818.7,,,,8.0,5.0,0.0,4.0,15752.8,15818.7,15784.0,15818.7,,15689.15,15818.7,
1655100420,142,15791.55,,,18.0,26.0,2.0,0.0,15788.35,15818.7,,,,8.0,5.0,0.0,4.0,15752.8,15818.7,15784.0,15818.7,,15689.15,15818.7,
1655100480,143,15789.6,,,18.0,26.0,2.0,0.0,15788.35,15818.7,,,,8.0,5.0,0.0,4.0,15752.8,15818.7,15784.0,15818.7,,15689.15,15818.7,
1655100540,144,15785.5,LL,FPL,19.0,26.0,3.0,0.0,15785.5,15818.7,,,,8.0,5.0,0.0,4.0,15752.8,15818.7,15784.0,15818.7,,15689.15,15818.7,
1655100600,145,15790.75,LH,,19.0,26.0,3.0,0.0,15785.5,15818.7,,,,8.0,5.0,0.0,4.0,15752.8,15818.7,15784.0,15818.7,,15689.15,15818.7,
1655100660,146,15787.6,,,19.0,26.0,3.0,0.0,15785.5,15818.7,,,,8.0,5.0,0.0,4.0,15752.8,15818.7,15784.0,15818.7,,15689.15,15818.7,
1655100720,147,15784.0,LL,FPL,20.0,26.0,4.0,0.0,15784.0,15818.7,,,TPL,9.0,5.0,1.0,0.0,15784.0,15818.7,15784.0,15818.7,SPL,15689.15,15818.7,
1655100780,148,15786.8,LH,,20.0,26.0,4.0,0.0,15784.0,15818.7,,,,9.0,5.0,1.0,0.0,15784.0,15818.7,15784.0,15818.7,,15689.15,15818.7,
1655100840,149,15784.4,LL,FPL,21.0,26.0,5.0,0.0,15784.0,15818.7,,,,9.0,5.0,1.0,0.0,15784.0,15818.7,15784.0,15818.7,,15689.15,15818.7,
1655100900,150,15791.8,LH,,21.0,26.0,5.0,0.0,15784.0,15818.7,,,,9.0,5.0,1.0,0.0,15784.0,15818.7,15784.0,15818.7,,15689.15,15818.7,
1655100960,151,15787.05,LL,FPL,22.0,26.0,6.0,0.0,15784.0,15818.7,,,,9.0,5.0,1.0,0.0,15784.0,15818.7,15784.0,15818.7,,15689.15,15818.7,
1655101020,152,15790.5,,,22.0,26.0,6.0,0.0,15784.0,15818.7,,,,9.0,5.0,1.0,0.0,15784.0,15818.7,15784.0,15792.55,,15689.15,15818.7,
1655101080,153,15792.55,LH,FPH,22.0,27.0,0.0,1.0,15784.0,15792.55,,,,9.0,5.0,1.0,0.0,15784.0,15818.7,15784.0,15792.55,SPH,15689.15,15818.7,
1655101140,154,15789.65,,,22.0,27.0,0.0,1.0,15784.0,15792.55,,,,9.0,5.0,1.0,0.0,15784.0,15818.7,15784.0,15792.55,,15689.15,15818.7,
1655101200,155,15788.55,LL,,22.0,27.0,0.0,1.0,15784.0,15792.55,,,,9.0,5.0,1.0,0.0,15784.0,15818.7,15784.0,15792.55,,15689.15,15818.7,
1655101260,156,15792.1,LH,FPH,22.0,28.0,0.0,2.0,15784.0,15792.55,,,,9.0,5.0,1.0,0.0,15784.0,15818.7,15784.0,15792.55,,15689.15,15818.7,
1655101320,157,15791.9,,,22.0,28.0,0.0,2.0,15784.0,15792.55,,,,9.0,5.0,1.0,0.0,15784.0,15818.7,15784.3,15792.55,,15689.15,15818.7,
1655101380,158,15784.3,LL,FPL,23.0,28.0,1.0,0.0,15784.3,15792.55,,,TPL,10.0,5.0,2.0,0.0,15784.0,15818.7,15784.3,15792.55,SPL,15689.15,15818.7,
1655101440,159,15788.6,,,23.0,28.0,1.0,0.0,15784.3,15792.55,,,,10.0,5.0,2.0,0.0,15784.0,15818.7,15784.3,15794.4,,15689.15,15818.7,
1655101500,160,15789.05,LH,,23.0,28.0,1.0,0.0,15784.3,15792.55,,,,10.0,5.0,2.0,0.0,15784.0,15818.7,15784.3,15794.4,,15689.15,15818.7,
1655101560,161,15786.5,LL,,23.0,28.0,1.0,0.0,15784.3,15792.55,,,,10.0,5.0,2.0,0.0,15784.0,15818.7,15784.3,15794.4,,15689.15,15818.7,
1655101620,162,15788.45,,,23.0,28.0,1.0,0.0,15784.3,15792.55,,,,10.0,5.0,2.0,0.0,15784.0,15818.7,15784.3,15794.4,,15689.15,15818.7,
1655101680,163,15794.4,LH,FPH,23.0,29.0,0.0,1.0,15784.3,15794.4,,,,10.0,5.0,2.0,0.0,15784.0,15818.7,15784.3,15794.4,SPH,15689.15,15818.7,
1655101740,164,15787.15,,,23.0,29.0,0.0,1.0,15784.3,15794.4,,,,10.0,5.0,2.0,0.0,15784.0,15818.7,15784.1,15794.4,,15689.15,15818.7,
1655101800,165,15784.1,LL,FPL,24.0,29.0,1.0,0.0,15784.1,15794.4,,,TPL,11.0,5.0,3.0,0.0,15784.0,15818.7,15784.1,15794.4,SPL,15689.15,15818.7,
1655101860,166,15791.25,LH,,24.0,29.0,1.0,0.0,15784.1,15794.4,,,,11.0,5.0,3.0,0.0,15784.0,15818.7,15784.1,15797.9,,15689.15,15818.7,
1655101920,167,15791.2,,,24.0,29.0,1.0,0.0,15784.1,15794.4,,,,11.0,5.0,3.0,0.0,15784.0,15818.7,15784.1,15797.9,,15689.15,15818.7,
1655101980,168,15787.7,LL,,24.0,29.0,1.0,0.0,15784.1,15794.4,,,,11.0,5.0,3.0,0.0,15784.0,15818.7,15784.1,15797.9,,15689.15,15818.7,
1655102040,169,15789.85,,,24.0,29.0,1.0,0.0,15784.1,15794.4,,,,11.0,5.0,3.0,0.0,15784.0,15818.7,15784.1,15797.9,,15689.15,15818.7,
1655102100,170,15791.45,,,24.0,29.0,1.0,0.0,15784.1,15794.4,,,,11.0,5.0,3.0,0.0,15784.0,15818.7,15784.1,15797.9,,15689.15,15818.7,
1655102160,171,15791.65,,,24.0,29.0,1.0,0.0,15784.1,15794.4,,,,11.0,5.0,3.0,0.0,15784.0,15818.7,15784.1,15797.9,,15689.15,15818.7,
1655102220,172,15794.05,,,24.0,29.0,1.0,0.0,15784.1,15794.4,,,,11.0,5.0,3.0,0.0,15784.0,15818.7,15784.1,15797.9,,15689.15,15818.7,
1655102280,173,15795.7,LH,FPH,24.0,30.0,0.0,1.0,15784.1,15795.7,,,,11.0,5.0,3.0,0.0,15784.0,15818.7,15784.1,15797.9,,15689.15,15818.7,
1655102340,174,15790.45,LL,,24.0,30.0,0.0,1.0,15784.1,15795.7,,,,11.0,5.0,3.0,0.0,15784.0,15818.7,15784.1,15797.9,,15689.15,15818.7,
1655102400,175,15790.7,,,24.0,30.0,0.0,1.0,15784.1,15795.7,,,,11.0,5.0,3.0,0.0,15784.0,15818.7,15784.1,15797.9,,15689.15,15818.7,
1655102460,176,15790.8,,,24.0,30.0,0.0,1.0,15784.1,15795.7,,,,11.0,5.0,3.0,0.0,15784.0,15818.7,15784.1,15797.9,,15689.15,15818.7,
1655102520,177,15795.7,LH,FPH,24.0,31.0,0.0,2.0,15784.1,15795.7,,,,11.0,5.0,3.0,0.0,15784.0,15818.7,15784.1,15797.9,,15689.15,15818.7,
1655102580,178,15790.05,LL,,24.0,31.0,0.0,2.0,15784.1,15795.7,,,,11.0,5.0,3.0,0.0,15784.0,15818.7,15784.1,15797.9,,15689.15,15818.7,
1655102640,179,15794.25,,,24.0,31.0,0.0,2.0,15784.1,15795.7,,,,11.0,5.0,3.0,0.0,15784.0,15818.7,15784.1,15797.9,,15689.15,15818.7,
1655102700,180,15795.2,LH,FPH,24.0,32.0,0.0,3.0,15784.1,15795.7,,,,11.0,5.0,3.0,0.0,15784.0,15818.7,15784.1,15797.9,,15689.15,15818.7,
1655102760,181,15791.95,LL,,24.0,32.0,0.0,3.0,15784.1,15795.7,,,,11.0,5.0,3.0,0.0,15784.0,15818.7,15784.1,15797.9,,15689.15,15818.7,
1655102820,182,15793.05,LH,FPH,24.0,33.0,0.0,4.0,15784.1,15795.7,,,,11.0,5.0,3.0,0.0,15784.0,15818.7,15784.1,15797.9,,15689.15,15818.7,
1655102880,183,15792.9,LL,,24.0,33.0,0.0,4.0,15784.1,15795.7,,,,11.0,5.0,3.0,0.0,15784.0,15818.7,15784.1,15797.9,,15689.15,15818.7,
1655102940,184,15796.0,,,24.0,33.0,0.0,4.0,15784.1,15795.7,,,,11.0,5.0,3.0,0.0,15784.0,15818.7,15784.1,15797.9,,15689.15,15818.7,
1655103000,185,15797.9,LH,FPH,24.0,34.0,0.0,5.0,15784.1,15797.9,,,,11.0,5.0,3.0,0.0,15784.0,15818.7,15784.1,15797.9,SPH,15689.15,15818.7,
1655103060,186,15790.75,,,24.0,34.0,0.0,5.0,15784.1,15797.9,,,,11.0,5.0,3.0,0.0,15784.0,15818.7,15789.8,15797.9,,15689.15,15818.7,
1655103120,187,15789.8,LL,FPL,25.0,34.0,1.0,0.0,15789.8,15797.9,,,,11.0,5.0,3.0,0.0,15784.0,15818.7,15789.8,15797.9,SPL,15689.15,15818.7,
1655103180,188,15797.55,,,25.0,34.0,1.0,0.0,15789.8,15797.9,,,,11.0,5.0,3.0,0.0,15784.0,15818.7,15789.8,15804.1,,15689.15,15818.7,
1655103240,189,15804.1,LH,FPH,25.0,35.0,0.0,1.0,15789.8,15804.1,,,,11.0,5.0,3.0,0.0,15784.0,15818.7,15789.8,15804.1,SPH,15689.15,15818.7,
1655103300,190,15801.1,,,25.0,35.0,0.0,1.0,15789.8,15804.1,,,,11.0,5.0,3.0,0.0,15784.0,15818.7,15768.15,15804.1,,15689.15,15818.7,
1655103360,191,15797.3,,,25.0,35.0,0.0,1.0,15789.8,15804.1,,,,11.0,5.0,3.0,0.0,15784.0,15818.7,15768.15,15804.1,,15689.15,15818.7,
1655103420,192,15795.4,,,25.0,35.0,0.0,1.0,15789.8,15804.1,,,,11.0,5.0,3.0,0.0,15784.0,15818.7,15768.15,15804.1,,15689.15,15818.7,
1655103480,193,15784.1,,,25.0,35.0,0.0,1.0,15789.8,15804.1,,,,11.0,5.0,3.0,0.0,15784.0,15818.7,15768.15,15804.1,,15689.15,15818.7,
1655103540,194,15769.05,LL,FPL,26.0,35.0,1.0,0.0,15769.05,15804.1,,,,11.0,5.0,3.0,0.0,15784.0,15818.7,15768.15,15804.1,,15689.15,15818.7,
1655103600,195,15775.65,LH,,26.0,35.0,1.0,0.0,15769.05,15804.1,,,,11.0,5.0,3.0,0.0,15784.0,15818.7,15768.15,15804.1,,15689.15,15818.7,
1655103660,196,15774.35,,,26.0,35.0,1.0,0.0,15769.05,15804.1,,,,11.0,5.0,3.0,0.0,15784.0,15818.7,15768.15,15804.1,,15689.15,15818.7,
1655103720,197,15768.7,,,26.0,35.0,1.0,0.0,15769.05,15804.1,,,,11.0,5.0,3.0,0.0,15784.0,15818.7,15768.15,15804.1,,15689.15,15818.7,
1655103780,198,15768.15,LL,FPL,27.0,35.0,2.0,0.0,15768.15,15804.1,,,TPL,12.0,5.0,4.0,0.0,15768.15,15818.7,15768.15,15804.1,SPL,15689.15,15818.7,
1655103840,199,15777.8,,,27.0,35.0,2.0,0.0,15768.15,15804.1,,,,12.0,5.0,4.0,0.0,15768.15,15818.7,15768.15,15790.55,,15689.15,15818.7,
1655103900,200,15783.95,LH,FPH,27.0,36.0,0.0,1.0,15768.15,15783.95,,,,12.0,5.0,4.0,0.0,15768.15,15818.7,15768.15,15790.55,,15689.15,15818.7,
1655103960,201,15779.4,LL,,27.0,36.0,0.0,1.0,15768.15,15783.95,,,,12.0,5.0,4.0,0.0,15768.15,15818.7,15768.15,15790.55,,15689.15,15818.7,
1655104020,202,15784.95,,,27.0,36.0,0.0,1.0,15768.15,15783.95,,,,12.0,5.0,4.0,0.0,15768.15,15818.7,15768.15,15790.55,,15689.15,15818.7,
1655104080,203,15789.55,,,27.0,36.0,0.0,1.0,15768.15,15783.95,,,,12.0,5.0,4.0,0.0,15768.15,15818.7,15768.15,15790.55,,15689.15,15818.7,
1655104140,204,15790.55,LH,FPH,27.0,37.0,0.0,2.0,15768.15,15790.55,,,,12.0,5.0,4.0,0.0,15768.15,15818.7,15768.15,15790.55,SPH,15689.15,15818.7,
1655104200,205,15788.45,,,27.0,37.0,0.0,2.0,15768.15,15790.55,,,,12.0,5.0,4.0,0.0,15768.15,15818.7,15747.9,15790.55,,15689.15,15818.7,
1655104260,206,15785.75,,,27.0,37.0,0.0,2.0,15768.15,15790.55,,,,12.0,5.0,4.0,0.0,15768.15,15818.7,15747.9,15790.55,,15689.15,15818.7,
1655104320,207,15783.45,,,27.0,37.0,0.0,2.0,15768.15,15790.55,,,,12.0,5.0,4.0,0.0,15768.15,15818.7,15747.9,15790.55,,15689.15,15818.7,
1655104380,208,15776.7,,,27.0,37.0,0.0,2.0,15768.15,15790.55,,,,12.0,5.0,4.0,0.0,15768.15,15818.7,15747.9,15790.55,,15689.15,15818.7,
1655104440,209,15775.9,,,27.0,37.0,0.0,2.0,15768.15,15790.55,,,,12.0,5.0,4.0,0.0,15768.15,15818.7,15747.9,15790.55,,15689.15,15818.7,
1655104500,210,15773.65,LL,FPL,28.0,37.0,1.0,0.0,15773.65,15790.55,,,,12.0,5.0,4.0,0.0,15768.15,15818.7,15747.9,15790.55,,15689.15,15818.7,
1655104560,211,15779.2,LH,,28.0,37.0,1.0,0.0,15773.65,15790.55,,,,12.0,5.0,4.0,0.0,15768.15,15818.7,15747.9,15790.55,,15689.15,15818.7,
1655104620,212,15777.9,LL,FPL,29.0,37.0,2.0,0.0,15773.65,15790.55,,,,12.0,5.0,4.0,0.0,15768.15,15818.7,15747.9,15790.55,,15689.15,15818.7,
1655104680,213,15779.15,LH,,29.0,37.0,2.0,0.0,15773.65,15790.55,,,,12.0,5.0,4.0,0.0,15768.15,15818.7,15747.9,15790.55,,15689.15,15818.7,
1655104740,214,15773.0,LL,FPL,30.0,37.0,3.0,0.0,15773.0,15790.55,,,,12.0,5.0,4.0,0.0,15768.15,15818.7,15747.9,15790.55,,15689.15,15818.7,
1655104800,215,15776.1,LH,,30.0,37.0,3.0,0.0,15773.0,15790.55,,,,12.0,5.0,4.0,0.0,15768.15,15818.7,15747.9,15790.55,,15689.15,15818.7,
1655104860,216,15771.5,,,30.0,37.0,3.0,0.0,15773.0,15790.55,,,,12.0,5.0,4.0,0.0,15768.15,15818.7,15747.9,15790.55,,15689.15,15818.7,
1655104920,217,15771.45,LL,FPL,31.0,37.0,4.0,0.0,15771.45,15790.55,,,,12.0,5.0,4.0,0.0,15768.15,15818.7,15747.9,15790.55,,15689.15,15818.7,
1655104980,218,15779.05,LH,,31.0,37.0,4.0,0.0,15771.45,15790.55,,,,12.0,5.0,4.0,0.0,15768.15,15818.7,15747.9,15790.55,,15689.15,15818.7,
1655105040,219,15773.9,,,31.0,37.0,4.0,0.0,15771.45,15790.55,,,,12.0,5.0,4.0,0.0,15768.15,15818.7,15747.9,15790.55,,15689.15,15818.7,
1655105100,220,15773.7,,,31.0,37.0,4.0,0.0,15771.45,15790.55,,,,12.0,5.0,4.0,0.0,15768.15,15818.7,15747.9,15790.55,,15689.15,15818.7,
1655105160,221,15768.0,LL,FPL,32.0,37.0,5.0,0.0,15768.0,15790.55,,,,12.0,5.0,4.0,0.0,15768.15,15818.7,15747.9,15790.55,,15689.15,15818.7,
1655105220,222,15770.35,LH,,32.0,37.0,5.0,0.0,15768.0,15790.55,,,,12.0,5.0,4.0,0.0,15768.15,15818.7,15747.9,15790.55,,15689.15,15818.7,
1655105280,223,15764.1,,,32.0,37.0,5.0,0.0,15768.0,15790.55,,,,12.0,5.0,4.0,0.0,15768.15,15818.7,15747.9,15790.55,,15689.15,15818.7,
1655105340,224,15763.2,,,32.0,37.0,5.0,0.0,15768.0,15790.55,,,,12.0,5.0,4.0,0.0,15768.15,15818.7,15747.9,15790.55,,15689.15,15818.7,
1655105400,225,15760.4,LL,FPL,33.0,37.0,6.0,0.0,15760.4,15790.55,,,,12.0,5.0,4.0,0.0,15768.15,15818.7,15747.9,15790.55,,15689.15,15818.7,
1655105460,226,15763.05,LH,,33.0,37.0,6.0,0.0,15760.4,15790.55,,,,12.0,5.0,4.0,0.0,15768.15,15818.7,15747.9,15790.55,,15689.15,15818.7,
1655105520,227,15760.35,,,33.0,37.0,6.0,0.0,15760.4,15790.55,,,,12.0,5.0,4.0,0.0,15768.15,15818.7,15747.9,15790.55,,15689.15,15818.7,
1655105580,228,15754.5,,,33.0,37.0,6.0,0.0,15760.4,15790.55,,,,12.0,5.0,4.0,0.0,15768.15,15818.7,15747.9,15790.55,,15689.15,15818.7,
1655105640,229,15747.9,LL,FPL,34.0,37.0,7.0,0.0,15747.9,15790.55,,,TPL,13.0,5.0,5.0,0.0,15747.9,15818.7,15747.9,15790.55,SPL,15689.15,15818.7,
1655105700,230,15752.2,,,34.0,37.0,7.0,0.0,15747.9,15790.55,,,,13.0,5.0,5.0,0.0,15747.9,15818.7,15747.9,15759.15,,15689.15,15818.7,
1655105760,231,15756.15,,,34.0,37.0,7.0,0.0,15747.9,15790.55,,,,13.0,5.0,5.0,0.0,15747.9,15818.7,15747.9,15759.15,,15689.15,15818.7,
1655105820,232,15759.15,LH,FPH,34.0,38.0,0.0,1.0,15747.9,15759.15,,,,13.0,5.0,5.0,0.0,15747.9,15818.7,15747.9,15759.15,SPH,15689.15,15818.7,
1655105880,233,15750.15,,,34.0,38.0,0.0,1.0,15747.9,15759.15,,,,13.0,5.0,5.0,0.0,15747.9,15818.7,15748.6,15759.15,,15689.15,15818.7,
1655105940,234,15748.6,LL,FPL,35.0,38.0,1.0,0.0,15748.6,15759.15,,,TPL,14.0,5.0,6.0,0.0,15747.9,15818.7,15748.6,15759.15,SPL,15689.15,15818.7,
1655106000,235,15754.85,,,35.0,38.0,1.0,0.0,15748.6,15759.15,,,,14.0,5.0,6.0,0.0,15747.9,15818.7,15748.6,15762.65,,15689.15,15818.7,
1655106060,236,15760.3,,,35.0,38.0,1.0,0.0,15748.6,15759.15,,,,14.0,5.0,6.0,0.0,15747.9,15818.7,15748.6,15762.65,,15689.15,15818.7,
1655106120,237,15762.65,LH,FPH,35.0,39.0,0.0,1.0,15748.6,15762.65,,,,14.0,5.0,6.0,0.0,15747.9,15818.7,15748.6,15762.65,SPH,15689.15,15818.7,
1655106180,238,15762.15,,,35.0,39.0,0.0,1.0,15748.6,15762.65,,,,14.0,5.0,6.0,0.0,15747.9,15818.7,15754.25,15762.65,,15689.15,15818.7,
1655106240,239,15755.75,,,35.0,39.0,0.0,1.0,15748.6,15762.65,,,,14.0,5.0,6.0,0.0,15747.9,15818.7,15754.25,15762.65,,15689.15,15818.7,
1655106300,240,15754.25,LL,FPL,36.0,39.0,1.0,0.0,15754.25,15762.65,,,TPL,15.0,5.0,7.0,0.0,15747.9,15818.7,15754.25,15762.65,SPL,15689.15,15818.7,
1655106360,241,15760.25,,,36.0,39.0,1.0,0.0,15754.25,15762.65,,,,15.0,5.0,7.0,0.0,15747.9,15818.7,15754.25,15776.35,,15689.15,15818.7,
1655106420,242,15767.2,,,36.0,39.0,1.0,0.0,15754.25,15762.65,,,,15.0,5.0,7.0,0.0,15747.9,15818.7,15754.25,15776.35,,15689.15,15818.7,
1655106480,243,15767.55,LH,FPH,36.0,40.0,0.0,1.0,15754.25,15767.55,,,,15.0,5.0,7.0,0.0,15747.9,15818.7,15754.25,15776.35,,15689.15,15818.7,
1655106540,244,15767.25,LL,,36.0,40.0,0.0,1.0,15754.25,15767.55,,,,15.0,5.0,7.0,0.0,15747.9,15818.7,15754.25,15776.35,,15689.15,15818.7,
1655106600,245,15769.5,,,36.0,40.0,0.0,1.0,15754.25,15767.55,,,,15.0,5.0,7.0,0.0,15747.9,15818.7,15754.25,15776.35,,15689.15,15818.7,
1655106660,246,15771.5,,,36.0,40.0,0.0,1.0,15754.25,15767.55,,,,15.0,5.0,7.0,0.0,15747.9,15818.7,15754.25,15776.35,,15689.15,15818.7,
1655106720,247,15776.35,LH,FPH,36.0,41.0,0.0,2.0,15754.25,15776.35,,,,15.0,5.0,7.0,0.0,15747.9,15818.7,15754.25,15776.35,SPH,15689.15,15818.7,
1655106780,248,15774.45,,,36.0,41.0,0.0,2.0,15754.25,15776.35,,,,15.0,5.0,7.0,0.0,15747.9,15818.7,15754.25,15776.35,,15689.15,15818.7,
1655106840,249,15770.85,,,36.0,41.0,0.0,2.0,15754.25,15776.35,,,,15.0,5.0,7.0,0.0,15747.9,15818.7,15754.25,15776.35,,15689.15,15818.7,
1655106900,250,15768.8,LL,,36.0,41.0,0.0,2.0,15754.25,15776.35,,,,15.0,5.0,7.0,0.0,15747.9,15818.7,15754.25,15776.35,,15689.15,15818.7,
1655106960,251,15771.9,LH,FPH,36.0,42.0,0.0,3.0,15754.25,15776.35,,,,15.0,5.0,7.0,0.0,15747.9,15818.7,15754.25,15776.35,,15689.15,15818.7,
1655107020,252,15768.45,,,36.0,42.0,0.0,3.0,15754.25,15776.35,,,,15.0,5.0,7.0,0.0,15747.9,15818.7,15744.65,15776.35,,15689.15,15818.7,
1655107080,253,15765.15,,,36.0,42.0,0.0,3.0,15754.25,15776.35,,,,15.0,5.0,7.0,0.0,15747.9,15818.7,15744.65,15776.35,,15689.15,15818.7,
1655107140,254,15764.6,,,36.0,42.0,0.0,3.0,15754.25,15776.35,,,,15.0,5.0,7.0,0.0,15747.9,15818.7,15744.65,15776.35,,15689.15,15818.7,
1655107200,255,15757.2,,,36.0,42.0,0.0,3.0,15754.25,15776.35,,,,15.0,5.0,7.0,0.0,15747.9,15818.7,15744.65,15776.35,,15689.15,15818.7,
1655107260,256,15754.75,,,36.0,42.0,0.0,3.0,15754.25,15776.35,,,,15.0,5.0,7.0,0.0,15747.9,15818.7,15744.65,15776.35,,15689.15,15818.7,
1655107320,257,15749.0,,,36.0,42.0,0.0,3.0,15754.25,15776.35,,,,15.0,5.0,7.0,0.0,15747.9,15818.7,15744.65,15776.35,,15689.15,15818.7,
1655107380,258,15744.65,LL,FPL,37.0,42.0,1.0,0.0,15744.65,15776.35,,,TPL,16.0,5.0,8.0,0.0,15744.65,15818.7,15744.65,15776.35,SPL,15689.15,15818.7,
1655107440,259,15745.15,,,37.0,42.0,1.0,0.0,15744.65,15776.35,,,,16.0,5.0,8.0,0.0,15744.65,15818.7,15744.65,15760.8,,15689.15,15818.7,
1655107500,260,15750.6,,,37.0,42.0,1.0,0.0,15744.65,15776.35,,,,16.0,5.0,8.0,0.0,15744.65,15818.7,15744.65,15760.8,,15689.15,15818.7,
1655107560,261,15754.15,,,37.0,42.0,1.0,0.0,15744.65,15776.35,,,,16.0,5.0,8.0,0.0,15744.65,15818.7,15744.65,15760.8,,15689.15,15818.7,
1655107620,262,15760.8,LH,FPH,37.0,43.0,0.0,1.0,15744.65,15760.8,,,,16.0,5.0,8.0,0.0,15744.65,15818.7,15744.65,15760.8,SPH,15689.15,15818.7,
1655107680,263,15757.1,,,37.0,43.0,0.0,1.0,15744.65,15760.8,,,,16.0,5.0,8.0,0.0,15744.65,15818.7,15746.65,15760.8,,15689.15,15818.7,
1655107740,264,15746.65,LL,FPL,38.0,43.0,1.0,0.0,15746.65,15760.8,,,TPL,17.0,5.0,9.0,0.0,15744.65,15818.7,15746.65,15760.8,SPL,15689.15,15818.7,
1655107800,265,15749.85,,,38.0,43.0,1.0,0.0,15746.65,15760.8,,,,17.0,5.0,9.0,0.0,15744.65,15818.7,15746.65,15758.1,,15689.15,15818.7,
1655107860,266,15751.5,,,38.0,43.0,1.0,0.0,15746.65,15760.8,,,,17.0,5.0,9.0,0.0,15744.65,15818.7,15746.65,15758.1,,15689.15,15818.7,
1655107920,267,15758.1,LH,FPH,38.0,44.0,0.0,1.0,15746.65,15758.1,,,,17.0,5.0,9.0,0.0,15744.65,15818.7,15746.65,15758.1,SPH,15689.15,15818.7,
1655107980,268,15748.4,,,38.0,44.0,0.0,1.0,15746.65,15758.1,,,,17.0,5.0,9.0,0.0,15744.65,15818.7,15689.15,15758.1,,15689.15,15818.7,
1655108040,269,15736.9,,,38.0,44.0,0.0,1.0,15746.65,15758.1,,,,17.0,5.0,9.0,0.0,15744.65,15818.7,15689.15,15758.1,,15689.15,15818.7,
1655108100,270,15735.0,,,38.0,44.0,0.0,1.0,15746.65,15758.1,,,,17.0,5.0,9.0,0.0,15744.65,15818.7,15689.15,15758.1,,15689.15,15818.7,
1655108160,271,15726.7,LL,FPL,39.0,44.0,1.0,0.0,15726.7,15758.1,,,,17.0,5.0,9.0,0.0,15744.65,15818.7,15689.15,15758.1,,15689.15,15818.7,
1655108220,272,15731.25,LH,,39.0,44.0,1.0,0.0,15726.7,15758.1,,,,17.0,5.0,9.0,0.0,15744.65,15818.7,15689.15,15758.1,,15689.15,15818.7,
1655108280,273,15727.2,,,39.0,44.0,1.0,0.0,15726.7,15758.1,,,,17.0,5.0,9.0,0.0,15744.65,15818.7,15689.15,15758.1,,15689.15,15818.7,
1655108340,274,15726.25,LL,FPL,40.0,44.0,2.0,0.0,15726.25,15758.1,,,,17.0,5.0,9.0,0.0,15744.65,15818.7,15689.15,15758.1,,15689.15,15818.7,
1655108400,275,15727.65,LH,,40.0,44.0,2.0,0.0,15726.25,15758.1,,,,17.0,5.0,9.0,0.0,15744.65,15818.7,15689.15,15758.1,,15689.15,15818.7,
1655108460,276,15714.8,,,40.0,44.0,2.0,0.0,15726.25,15758.1,,,,17.0,5.0,9.0,0.0,15744.65,15818.7,15689.15,15758.1,,15689.15,15818.7,
1655108520,277,15712.55,,,40.0,44.0,2.0,0.0,15726.25,15758.1,,,,17.0,5.0,9.0,0.0,15744.65,15818.7,15689.15,15758.1,,15689.15,15818.7,
1655108580,278,15710.7,,,40.0,44.0,2.0,0.0,15726.25,15758.1,,,,17.0,5.0,9.0,0.0,15744.65,15818.7,15689.15,15758.1,,15689.15,15818.7,
1655108640,279,15708.45,,,40.0,44.0,2.0,0.0,15726.25,15758.1,,,,17.0,5.0,9.0,0.0,15744.65,15818.7,15689.15,15758.1,,15689.15,15818.7,
1655108700,280,15701.15,,,40.0,44.0,2.0,0.0,15726.25,15758.1,,,,17.0,5.0,9.0,0.0,15744.65,15818.7,15689.15,15758.1,,15689.15,15818.7,
1655108760,281,15690.75,,,40.0,44.0,2.0,0.0,15726.25,15758.1,,,,17.0,5.0,9.0,0.0,15744.65,15818.7,15689.15,15758.1,,15689.15,15818.7,
1655108820,282,15689.15,LL,FPL,41.0,44.0,3.0,0.0,15689.15,15758.1,,,TPL,18.0,5.0,10.0,0.0,15689.15,15818.7,15689.15,15758.1,SPL,15689.15,15818.7,FRPL
1655108880,283,15700.4,LH,FPH,41.0,45.0,0.0,1.0,15689.15,15700.4,,,,18.0,5.0,10.0,0.0,15689.15,15818.7,15689.15,15711.4,,15689.15,15818.7,
1655108940,284,15699.75,,,41.0,45.0,0.0,1.0,15689.15,15700.4,,,,18.0,5.0,10.0,0.0,15689.15,15818.7,15689.15,15711.4,,15689.15,15818.7,
1655109000,285,15693.6,LL,,41.0,45.0,0.0,1.0,15689.15,15700.4,,,,18.0,5.0,10.0,0.0,15689.15,15818.7,15689.15,15711.4,,15689.15,15818.7,
1655109060,286,15704.1,,,41.0,45.0,0.0,1.0,15689.15,15700.4,,,,18.0,5.0,10.0,0.0,15689.15,15818.7,15689.15,15711.4,,15689.15,15818.7,
1655109120,287,15708.15,LH,FPH,41.0,46.0,0.0,2.0,15689.15,15708.15,,,,18.0,5.0,10.0,0.0,15689.15,15818.7,15689.15,15711.4,,15689.15,15818.7,
1655109180,288,15707.0,LL,,41.0,46.0,0.0,2.0,15689.15,15708.15,,,,18.0,5.0,10.0,0.0,15689.15,15818.7,15689.15,15711.4,,15689.15,15818.7,
1655109240,289,15711.4,LH,FPH,41.0,47.0,0.0,3.0,15689.15,15711.4,,,,18.0,5.0,10.0,0.0,15689.15,15818.7,15689.15,15711.4,SPH,15689.15,15818.7,
1655109300,290,15708.15,,,41.0,47.0,0.0,3.0,15689.15,15711.4,,,,18.0,5.0,10.0,0.0,15689.15,15818.7,15701.95,15711.4,,15689.15,15818.7,
1655109360,291,15703.4,LL,FPL,42.0,47.0,1.0,0.0,15703.4,15711.4,,,,18.0,5.0,10.0,0.0,15689.15,15818.7,15701.95,15711.4,,15689.15,15818.7,
1655109420,292,15704.3,LH,,42.0,47.0,1.0,0.0,15703.4,15711.4,,,,18.0,5.0,10.0,0.0,15689.15,15818.7,15701.95,15711.4,,15689.15,15818.7,
1655109480,293,15701.95,LL,FPL,43.0,47.0,2.0,0.0,15701.95,15711.4,,,TPL,19.0,5.0,11.0,0.0,15689.15,15818.7,15701.95,15711.4,SPL,15689.15,15818.7,
1655109540,294,15706.85,,,43.0,47.0,2.0,0.0,15701.95,15711.4,,,,19.0,5.0,11.0,0.0,15689.15,15818.7,15701.95,15714.45,,15689.15,15818.7,
1655109600,295,15712.45,,,43.0,47.0,2.0,0.0,15701.95,15711.4,,,,19.0,5.0,11.0,0.0,15689.15,15818.7,15701.95,15714.45,,15689.15,15818.7,
1655109660,296,15714.45,LH,FPH,43.0,48.0,0.0,1.0,15701.95,15714.45,,,,19.0,5.0,11.0,0.0,15689.15,15818.7,15701.95,15714.45,SPH,15689.15,15818.7,
1655109720,297,15697.6,,,43.0,48.0,0.0,1.0,15701.95,15714.45,,,,19.0,5.0,11.0,0.0,15689.15,15818.7,15692.8,15714.45,,15689.15,15818.7,
1655109780,298,15692.8,LL,FPL,44.0,48.0,1.0,0.0,15692.8,15714.45,,,TPL,20.0,5.0,12.0,0.0,15689.15,15818.7,15692.8,15714.45,SPL,15689.15,15818.7,
1655109840,299,15694.0,LH,,44.0,48.0,1.0,0.0,15692.8,15714.45,,,,20.0,5.0,12.0,0.0,15689.15,15818.7,15692.8,15714.45,,15689.15,15818.7,
1655109900,300,15693.5,LL,FPL,45.0,48.0,2.0,0.0,15692.8,15714.45,,,,20.0,5.0,12.0,0.0,15689.15,15818.7,15692.8,15714.45,,15689.15,15818.7,
1655109960,301,15701.0,LH,FPH,45.0,49.0,0.0,1.0,15692.8,15701.0,,,,20.0,5.0,12.0,0.0,15689.15,15818.7,15692.8,15701.0,SPH,15689.15,15818.7,
1655110020,302,15697.35,,,45.0,49.0,0.0,1.0,15692.8,15701.0,,,,20.0,5.0,12.0,0.0,15689.15,15818.7,15690.95,15701.0,,15689.15,15818.7,
1655110080,303,15690.95,LL,FPL,46.0,49.0,1.0,0.0,15690.95,15701.0,,,TPL,21.0,5.0,13.0,0.0,15689.15,15818.7,15690.95,15701.0,SPL,15689.15,15818.7,
1655110140,304,15693.65,,,46.0,49.0,1.0,0.0,15690.95,15701.0,,,,21.0,5.0,13.0,0.0,15689.15,15818.7,15690.95,15701.1,,15689.15,15818.7,
1655110200,305,15696.15,,,46.0,49.0,1.0,0.0,15690.95,15701.0,,,,21.0,5.0,13.0,0.0,15689.15,15818.7,15690.95,15701.1,,15689.15,15818.7,
1655110260,306,15701.1,LH,FPH,46.0,50.0,0.0,1.0,15690.95,15701.1,,,,21.0,5.0,13.0,0.0,15689.15,15818.7,15690.95,15701.1,SPH,15689.15,15818.7,
1655110320,307,15700.05,,,46.0,50.0,0.0,1.0,15690.95,15701.1,,,,21.0,5.0,13.0,0.0,15689.15,15818.7,15689.6,15701.1,,15689.15,15818.7,
1655110380,308,15689.6,LL,FPL,47.0,50.0,1.0,0.0,15689.6,15701.1,,,TPL,22.0,5.0,14.0,0.0,15689.15,15818.7,15689.6,15701.1,SPL,15689.15,15818.7,
1655110440,309,15699.55,,,47.0,50.0,1.0,0.0,15689.6,15701.1,,,,22.0,5.0,14.0,0.0,15689.15,15818.7,15689.6,15765.1,,15689.15,0.0,
1655110500,310,15700.5,,,47.0,50.0,1.0,0.0,15689.6,15701.1,,,,22.0,5.0,14.0,0.0,15689.15,15818.7,15689.6,15765.1,,15689.15,0.0,
1655110560,311,15703.8,,,47.0,50.0,1.0,0.0,15689.6,15701.1,,,,22.0,5.0,14.0,0.0,15689.15,15818.7,15689.6,15765.1,,15689.15,0.0,
1655110620,312,15706.5,,,47.0,50.0,1.0,0.0,15689.6,15701.1,,,,22.0,5.0,14.0,0.0,15689.15,15818.7,15689.6,15765.1,,15689.15,0.0,
1655110680,313,15709.8,LH,FPH,47.0,51.0,0.0,1.0,15689.6,15709.8,,,,22.0,5.0,14.0,0.0,15689.15,15818.7,15689.6,15765.1,,15689.15,0.0,
1655110740,314,15707.25,LL,,47.0,51.0,0.0,1.0,15689.6,15709.8,,,,22.0,5.0,14.0,0.0,15689.15,15818.7,15689.6,15765.1,,15689.15,0.0,
1655110800,315,15714.5,,,47.0,51.0,0.0,1.0,15689.6,15709.8,,,,22.0,5.0,14.0,0.0,15689.15,15818.7,15689.6,15765.1,,15689.15,0.0,
1655110860,316,15729.7,,,47.0,51.0,0.0,1.0,15689.6,15709.8,,,,22.0,5.0,14.0,0.0,15689.15,15818.7,15689.6,15765.1,,15689.15,0.0,
1655110920,317,15732.65,LH,FPH,47.0,52.0,0.0,2.0,15689.6,15732.65,,,,22.0,5.0,14.0,0.0,15689.15,15818.7,15689.6,15765.1,,15689.15,0.0,
1655110980,318,15731.2,LL,,47.0,52.0,0.0,2.0,15689.6,15732.65,,,,22.0,5.0,14.0,0.0,15689.15,15818.7,15689.6,15765.1,,15689.15,0.0,
1655111040,319,15743.05,,,47.0,52.0,0.0,2.0,15689.6,15732.65,,,,22.0,5.0,14.0,0.0,15689.15,15818.7,15689.6,15765.1,,15689.15,0.0,
1655111100,320,15747.2,,,47.0,52.0,0.0,2.0,15689.6,15732.65,,,,22.0,5.0,14.0,0.0,15689.15,15818.7,15689.6,15765.1,,15689.15,0.0,
1655111160,321,15749.75,,,47.0,52.0,0.0,2.0,15689.6,15732.65,,,,22.0,5.0,14.0,0.0,15689.15,15818.7,15689.6,15765.1,,15689.15,0.0,
1655111220,322,15762.3,LH,FPH,47.0,53.0,0.0,3.0,15689.6,15762.3,,,,22.0,5.0,14.0,0.0,15689.15,15818.7,15689.6,15765.1,,15689.15,0.0,
1655111280,323,15757.1,LL,,47.0,53.0,0.0,3.0,15689.6,15762.3,,,,22.0,5.0,14.0,0.0,15689.15,15818.7,15689.6,15765.1,,15689.15,0.0,
1655111340,324,15760.85,LH,FPH,47.0,54.0,0.0,4.0,15689.6,15762.3,,,,22.0,5.0,14.0,0.0,15689.15,15818.7,15689.6,15765.1,,15689.15,0.0,
1655111400,325,15756.1,LL,,47.0,54.0,0.0,4.0,15689.6,15762.3,,,,22.0,5.0,14.0,0.0,15689.15,15818.7,15689.6,15765.1,,15689.15,0.0,
1655111460,326,15765.1,LH,FPH,47.0,55.0,0.0,5.0,15689.6,15765.1,,,TPH,22.0,6.0,0.0,1.0,15689.15,15765.1,15689.6,15765.1,SPH,15689.15,0.0,
1655111520,327,15761.55,LL,,47.0,55.0,0.0,5.0,15689.6,15765.1,,,,22.0,6.0,0.0,1.0,15689.15,15765.1,15689.6,15765.1,,15689.15,0.0,
1655111580,328,15762.05,LH,FPH,47.0,56.0,0.0,6.0,15689.6,15765.1,,,,22.0,6.0,0.0,1.0,15689.15,15765.1,15689.6,15765.1,,15689.15,0.0,
1655111640,329,15753.75,,,47.0,56.0,0.0,6.0,15689.6,15765.1,,,,22.0,6.0,0.0,1.0,15689.15,15765.1,15738.05,15765.1,,15689.15,0.0,
1655111700,330,15748.85,,,47.0,56.0,0.0,6.0,15689.6,15765.1,,,,22.0,6.0,0.0,1.0,15689.15,15765.1,15738.05,15765.1,,15689.15,0.0,
1655111760,331,15744.5,,,47.0,56.0,0.0,6.0,15689.6,15765.1,,,,22.0,6.0,0.0,1.0,15689.15,15765.1,15738.05,15765.1,,15689.15,0.0,
1655111820,332,15742.75,,,47.0,56.0,0.0,6.0,15689.6,15765.1,,,,22.0,6.0,0.0,1.0,15689.15,15765.1,15738.05,15765.1,,15689.15,0.0,
1655111880,333,15738.05,LL,FPL,48.0,56.0,1.0,0.0,15738.05,15765.1,,,,22.0,6.0,0.0,1.0,15689.15,15765.1,15738.05,15765.1,SPL,15689.15,0.0,
1655111940,334,15746.8,,,48.0,56.0,1.0,0.0,15738.05,15765.1,,,,22.0,6.0,0.0,1.0,15689.15,15765.1,15738.05,15770.65,,15689.15,0.0,
1655112000,335,15769.6,,,48.0,56.0,1.0,0.0,15738.05,15765.1,,,,22.0,6.0,0.0,1.0,15689.15,15765.1,15738.05,15770.65,,15689.15,0.0,
1655112060,336,15770.65,LH,FPH,48.0,57.0,0.0,1.0,15738.05,15770.65,,,TPH,22.0,7.0,0.0,2.0,15689.15,15770.65,15738.05,15770.65,SPH,15689.15,0.0,
1655112120,337,15767.7,,,48.0,57.0,0.0,1.0,15738.05,15770.65,,,,22.0,7.0,0.0,2.0,15689.15,15770.65,15744.7,15770.65,,15689.15,0.0,
1655112180,338,15760.55,,,48.0,57.0,0.0,1.0,15738.05,15770.65,,,,22.0,7.0,0.0,2.0,15689.15,15770.65,15744.7,15770.65,,15689.15,0.0,
1655112240,339,15757.15,LL,FPL,49.0,57.0,1.0,0.0,15757.15,15770.65,,,,22.0,7.0,0.0,2.0,15689.15,15770.65,15744.7,15770.65,,15689.15,0.0,
1655112300,340,15759.25,LH,,49.0,57.0,1.0,0.0,15757.15,15770.65,,,,22.0,7.0,0.0,2.0,15689.15,15770.65,15744.7,15770.65,,15689.15,0.0,
1655112360,341,15752.1,,,49.0,57.0,1.0,0.0,15757.15,15770.65,,,,22.0,7.0,0.0,2.0,15689.15,15770.65,15744.7,15770.65,,15689.15,0.0,
1655112420,342,15744.7,LL,FPL,50.0,57.0,2.0,0.0,15744.7,15770.65,,,,22.0,7.0,0.0,2.0,15689.15,15770.65,15744.7,15770.65,SPL,15689.15,0.0,
1655112480,343,15753.65,,,50.0,57.0,2.0,0.0,15744.7,15770.65,,,,22.0,7.0,0.0,2.0,15689.15,15770.65,15744.7,15759.1,,15689.15,0.0,
1655112540,344,15758.85,,,50.0,57.0,2.0,0.0,15744.7,15770.65,,,,22.0,7.0,0.0,2.0,15689.15,15770.65,15744.7,15759.1,,15689.15,0.0,
1655112600,345,15759.1,LH,FPH,50.0,58.0,0.0,1.0,15744.7,15759.1,,,TPH,22.0,8.0,0.0,3.0,15689.15,15770.65,15744.7,15759.1,SPH,15689.15,0.0,
1655112660,346,15750.8,,,50.0,58.0,0.0,1.0,15744.7,15759.1,,,,22.0,8.0,0.0,3.0,15689.15,15770.65,15741.3,15759.1,,15689.15,0.0,
1655112720,347,15741.3,LL,FPL,51.0,58.0,1.0,0.0,15741.3,15759.1,,,,22.0,8.0,0.0,3.0,15689.15,15770.65,15741.3,15759.1,SPL,15689.15,0.0,
1655112780,348,15751.4,,,51.0,58.0,1.0,0.0,15741.3,15759.1,,,,22.0,8.0,0.0,3.0,15689.15,15770.65,15741.3,15767.5,,15689.15,0.0,
1655112840,349,15759.15,LH,FPH,51.0,59.0,0.0,1.0,15741.3,15759.15,,,,22.0,8.0,0.0,3.0,15689.15,15770.65,15741.3,15767.5,,15689.15,0.0,
1655112900,350,15752.25,LL,,51.0,59.0,0.0,1.0,15741.3,15759.15,,,,22.0,8.0,0.0,3.0,15689.15,15770.65,15741.3,15767.5,,15689.15,0.0,
1655112960,351,15752.7,,,51.0,59.0,0.0,1.0,15741.3,15759.15,,,,22.0,8.0,0.0,3.0,15689.15,15770.65,15741.3,15767.5,,15689.15,0.0,
1655113020,352,15755.4,,,51.0,59.0,0.0,1.0,15741.3,15759.15,,,,22.0,8.0,0.0,3.0,15689.15,15770.65,15741.3,15767.5,,15689.15,0.0,
1655113080,353,15758.25,LH,FPH,51.0,60.0,0.0,2.0,15741.3,15759.15,,,,22.0,8.0,0.0,3.0,15689.15,15770.65,15741.3,15767.5,,15689.15,0.0,
1655113140,354,15756.9,LL,,51.0,60.0,0.0,2.0,15741.3,15759.15,,,,22.0,8.0,0.0,3.0,15689.15,15770.65,15741.3,15767.5,,15689.15,0.0,
1655113200,355,15762.25,,,51.0,60.0,0.0,2.0,15741.3,15759.15,,,,22.0,8.0,0.0,3.0,15689.15,15770.65,15741.3,15767.5,,15689.15,0.0,
1655113260,356,15767.5,LH,FPH,51.0,61.0,0.0,3.0,15741.3,15767.5,,,TPH,22.0,9.0,0.0,4.0,15689.15,15770.65,15741.3,15767.5,SPH,15689.15,0.0,FRPH
1655113320,357,15759.2,LL,FPL,52.0,61.0,1.0,0.0,15759.2,15767.5,,,,22.0,9.0,0.0,4.0,15689.15,15770.65,15759.2,15767.5,SPL,0.0,0.0,
1655113380,358,15764.7,,,52.0,61.0,1.0,0.0,15759.2,15767.5,,,,22.0,9.0,0.0,4.0,15689.15,15770.65,15759.2,0.0,,0.0,0.0,
1655113440,359,15767.85,,,52.0,61.0,1.0,0.0,15759.2,15767.5,,,,22.0,9.0,0.0,4.0,15689.15,15770.65,15759.2,0.0,,0.0,0.0,
1655113500,360,15775.5,LH,FPH,52.0,62.0,0.0,1.0,15759.2,15775.5,,,,22.0,9.0,0.0,4.0,15689.15,15770.65,15759.2,0.0,,0.0,0.0,
1655113560,361,15774.9,LL,,52.0,62.0,0.0,1.0,15759.2,15775.5,,,,22.0,9.0,0.0,4.0,15689.15,15770.65,15759.2,0.0,,0.0,0.0,
1655113620,362,15781.1,LH,FPH,52.0,63.0,0.0,2.0,15759.2,15781.1,,,,22.0,9.0,0.0,4.0,15689.15,15770.65,15759.2,0.0,,0.0,0.0,
1655113680,363,15779.55,LL,,52.0,63.0,0.0,2.0,15759.2,15781.1,,,,22.0,9.0,0.0,4.0,15689.15,15770.65,15759.2,0.0,,0.0,0.0,
1655113740,364,15785.0,,,52.0,63.0,0.0,2.0,15759.2,15781.1,,,,22.0,9.0,0.0,4.0,15689.15,15770.65,15759.2,0.0,,0.0,0.0,
1655113800,365,15788.9,LH,FPH,52.0,64.0,0.0,3.0,15759.2,15788.9,,,,22.0,9.0,0.0,4.0,15689.15,15770.65,15759.2,0.0,,0.0,0.0,
1655113860,366,15788.45,LL,,52.0,64.0,0.0,3.0,15759.2,15788.9,,,,22.0,9.0,0.0,4.0,15689.15,15770.65,15759.2,0.0,,0.0,0.0,
1655113920,367,15793.55,,,52.0,64.0,0.0,3.0,15759.2,15788.9,,,,22.0,9.0,0.0,4.0,15689.15,15770.65,15759.2,0.0,,0.0,0.0,
1655113980,368,15795.3,,,52.0,64.0,0.0,3.0,15759.2,15788.9,,,,22.0,9.0,0.0,4.0,15689.15,15770.65,15759.2,0.0,,0.0,0.0,
1655114040,369,15796.0,LH,FPH,52.0,65.0,0.0,4.0,15759.2,15796.0,,,,22.0,9.0,0.0,4.0,15689.15,15770.65,15759.2,0.0,,0.0,0.0,
1655114100,370,15793.45,LL,,52.0,65.0,0.0,4.0,15759.2,15796.0,,,,22.0,9.0,0.0,4.0,15689.15,15770.65,15759.2,0.0,,0.0,0.0,
1655114160,371,15794.7,,,52.0,65.0,0.0,4.0,15759.2,15796.0,,,,22.0,9.0,0.0,4.0,15689.15,15770.65,15759.2,0.0,,0.0,0.0,
1655114220,372,15799.8,,,52.0,65.0,0.0,4.0,15759.2,15796.0,,,,22.0,9.0,0.0,4.0,15689.15,15770.65,15759.2,0.0,,0.0,0.0,
1655114280,373,15801.2,LH,FPH,52.0,66.0,0.0,5.0,15759.2,15801.2,,,,,,,,,,15759.2,0.0,SPH,0.0,0.0,
1655114340,374,15800.95,,,,,,,,,,,,,,,,,,0.0,0.0,,0.0,0.0,
