day,symbol,strategy,trade_id,leg,side,entry_time,exit_time,entry_price,exit_price,realized_pnl,un_realized_pnl,week_day,seq,instrument,cover,market_view,spot_target,spot_stop_loss,spot_stop_loss_rolling,instr_target,instr_stop_loss,duration,quantity,exit_type,spot_entry_price,spot_exit_price,trigger_time,open_type,tpo,spot,candles_in_range,first_hour_trend,whole_day_trend,five_min_trend,fifteen_min_trend,lc_dist_frm_level,lc_resistance_ind,lc_support_ind,lc_y_high,lc_y_low,lc_y_va_h_p,lc_y_va_l_p,lc_y_poc_price,lc_t_2_high,lc_t_2_low,lc_t_2_va_h_p,lc_t_2_va_l_p,lc_t_2_poc_price,lc_w_high,lc_w_low,lc_w_Pivot,lc_w_R1,lc_w_S1,lc_w_R2,lc_w_S2,lc_w_R3,lc_w_S3,lc_w_R4,lc_w_S4,d_y_high,d_y_low,d_y_poc_price,d_y_va_h_p,d_y_va_l_p,d_t_2_high,d_t_2_low,d_t_2_poc_price,d_t_2_va_h_p,d_t_2_va_l_p,d2_cd_support_pressure,d2_cd_resistance_pressure,d2_cd_new_business_pressure,d2_cd_type,d2_cd_retest_fract,d2_ad_support_pressure,d2_ad_resistance_pressure,d2_ad_new_business_pressure,d2_ad_retest_fract,d2_ad_type,d2_gap,d2_cd_close_rat,d2_ad_high,d2_ad_low,d2_ad_poc_price,d2_ad_va_h_p,d2_ad_va_l_p,total_energy,total_energy_pyr,total_energy_ht,static_ratio,dynamic_ratio,d_en_ht,s_en_ht,d_en_pyr,s_en_pyr,pat_y_high,pat_y_low,pat_y_va_h_p,pat_y_va_l_p,pat_y_poc_price,pat_t_2_high,pat_t_2_low,pat_t_2_va_h_p,pat_t_2_va_l_p,pat_t_2_poc_price,pat_w_high,pat_w_low,pat_w_Pivot,pat_w_R1,pat_w_S1,pat_w_R2,pat_w_S2,pat_w_R3,pat_w_S3,pat_w_R4,pat_w_S4,strength,quad,lin,quad_r2,lin_r2,market_auc,trend_auc,auc_del,mu_0,mu_n,exp_b,exp_c,entry_time_read,exit_time_read
2023-01-23,BANKNIFTY,PriceBreakEMADownward,SIG_1,1,-1,1674448740,1674455940,42929.2,42793.9,135.3,0.0,Monday,1,SPOT,0,SHORT,42800.412399999994,43005.85,42984.3854,42800.412399999994,43005.85,300.0,1,IT,42929.2,42793.9,1674448740,GAP_UP,2,42929.2,0.0,0.18,0.0,0.14,0.31,29.19999999999709,0,0,0,0,0,0,0,0,0,0,0,0,0,0,0,0,0,0,0,0,0,0,0,1,0,0,0,0,0,0,0,0,0,0.43,0.56,0.01,-1,0.41,0.22,0.33,0.45,0.52,-1,0.0002,0.39,1,0,1,1,0,32036.286249999855,39.06864176829251,6.328140154302828,0.0,0.63,5.0133803777989305,0.0,24.52095884146278,0.0,0,0,0,0,0,0,0,0,0,0,0,0,0,0,0,0,0,0,0,0,0,1,,,,,,,,,,,,2023-01-23 10:09:00,2023-01-23 12:09:00
2023-01-20,BANKNIFTY,PriceBreakEMADownward,SIG_1,1,-1,1674191940,1674196140,42668.25,42533.25,135.0,0.0,Friday,1,SPOT,0,SHORT,42540.24525,42709.2,42709.2,42540.24525,42709.2,279.0,1,IT,42668.25,42533.25,1674191940,GAP_UP,4,42668.25,0.0,0.34,0.22,0.14,0.43,-31.75,0,0,0,0,0,0,0,0,0,0,0,0,0,0,0,0,0,0,0,0,0,0,0,1,0,1,1,0,1,0,1,1,1,0.22,0.33,0.45,-1,1.0,0.35,0.2,0.45,0.62,1,0.0,-0.37,1,0,1,1,1,30620.402500000884,37.34195426829376,6.1867199003188365,0.0,0.75,5.342134112412408,0.0,27.842338414634437,0.0,0,0,0,0,0,0,0,0,0,0,0,0,0,0,0,0,0,0,0,0,0,1,0.2284,-0.7686,0.34,0.49,0.54,0.6381,-0.0981,0.72,0.56,2.3578,0.5077,2023-01-20 10:49:00,2023-01-20 11:59:00
2023-01-20,BANKNIFTY,PriceBreakEMADownward,SIG_2,1,-1,1674198840,1674208680,42598.4,42485.9,112.5,0.0,Friday,1,SPOT,0,SHORT,42470.6048,42676.0,42676.0,42470.6048,42676.0,164.0,1,TC,42598.4,42485.9,1674198840,GAP_UP,7,42598.4,0.8,0.34,0.02,-0.01,0.12,-1.5999999999985448,2,0,0,0,0,0,0,0,0,0,0,0,0,0,0,0,0,0,0,0,0,0,0,1,0,1,1,0,1,0,1,1,1,0.22,0.33,0.45,-1,1.0,0.35,0.2,0.45,0.62,1,0.0,-0.37,1,0,1,1,1,53316.59625000086,65.02023932926934,8.163684542686658,0.22,0.34,4.785902112100934,3.80380763973467,22.346203928402126,14.116051278150087,0,0,0,0,0,0,0,0,0,0,0,0,0,0,0,0,0,0,0,0,0,1,0.0123,-0.2583,0.97,1.0,0.49,0.5359,-0.0459,0.7,0.37,1.135,0.3058,2023-01-20 12:44:00,2023-01-20 15:28:00
2023-01-20,BANKNIFTY,PriceBreakEMADownward,SIG_3,1,-1,1674201240,1674208200,42618.45,42479.8,138.65,0.0,Friday,1,SPOT,0,SHORT,42490.59465,42651.95,42630.640775,42490.59465,42651.95,124.0,1,IT,42618.45,42479.8,1674201240,GAP_UP,9,42618.45,0.85,0.34,0.03,-0.01,0.13,18.44999999999709,0,0,0,0,0,0,0,0,0,0,0,0,0,0,0,0,0,0,0,0,0,0,0,1,0,1,1,0,1,0,1,1,1,0.22,0.33,0.45,-1,1.0,0.35,0.2,0.45,0.62,1,0.0,-0.37,1,0,1,1,1,61120.71750000024,74.53746036585395,8.740760657688798,0.29,0.28,4.665068428722291,4.721324095796149,21.2320618972307,21.74722070004422,0,0,0,0,0,0,0,0,0,0,0,0,0,0,0,0,0,0,0,0,0,1,0.0159,-0.313,0.97,1.0,0.46,0.5165,-0.0565,0.71,0.32,0.5478,0.0358,2023-01-20 13:24:00,2023-01-20 15:20:00
2023-01-18,BANKNIFTY,PriceBreakEMADownward,SIG_1,1,-1,1674017340,1674021240,42420.1,42503.95,-83.85,-0.0,Wednesday,1,SPOT,0,SHORT,42292.8397,42496.65,42496.65,42292.8397,42496.65,300.0,1,IS,42420.1,42503.95,1674017340,INSIDE_VA,3,42420.1,1.0,0.28,0.17,0.12,0.35,20.099999999998545,0,0,0,0,0,0,0,0,0,0,0,0,0,0,0,0,0,0,0,0,0,0,0,1,0,1,1,1,0,1,1,1,1,0.73,0.22,0.05,1,0.61,0.15,0.14,0.71,0.49,-1,0.0,-0.07,0,1,1,0,1,92110.05124999938,112.32933079268217,10.73021733528726,0.18,0.39,6.709929362228097,4.596736104228189,43.925026386430005,20.614617377477998,0,0,0,0,0,0,0,0,0,0,0,0,0,0,0,0,0,0,0,0,0,1,0.052,-0.2682,0.72,0.79,0.65,0.6707,-0.0207,0.78,0.56,2.4003,0.6066,2023-01-18 10:19:00,2023-01-18 11:24:00
2023-01-17,BANKNIFTY,PriceBreakEMADownward,SIG_1,1,-1,1673930940,1673934600,42321.7,42193.0,128.7,0.0,Tuesday,1,SPOT,0,SHORT,42194.734899999996,42383.8,42362.63915,42194.734899999996,42383.8,300.0,1,IT,42321.7,42193.0,1673930940,INSIDE_VA,3,42321.7,1.0,0.41,0.31,0.33,0.25,21.69999999999709,0,0,0,0,0,0,0,0,0,0,0,0,0,0,0,0,0,0,0,0,0,0,0,0,1,1,0,1,0,0,1,1,0,0.15,0.14,0.71,-1,0.6,0.5,0.2,0.3,0.68,1,0.004,0.37,1,0,1,1,0,49561.65249999862,60.44103963414466,7.870963449603757,0.0,0.59,6.062363541639209,0.24180604624993793,35.85585532780127,0.057044062441977676,0,0,0,0,0,0,0,0,0,0,0,0,0,0,0,0,0,0,0,0,0,1,0.2714,-0.9418,0.41,0.54,0.51,0.6394,-0.1294,0.78,0.5,1.903,0.4482,2023-01-17 10:19:00,2023-01-17 11:20:00
2023-01-17,BANKNIFTY,PriceBreakEMADownward,SIG_2,1,-1,1673945940,1673946360,42019.5,42114.2,-94.7,-0.0,Tuesday,1,SPOT,0,SHORT,41893.4415,42096.55,42096.55,41893.4415,42096.55,59.0,1,IS,42019.5,42114.2,1673945940,INSIDE_VA,11,42019.5,0.65,0.41,-0.0,0.01,-0.05,19.5,0,0,0,0,0,0,0,0,0,0,0,1,0,0,0,0,0,0,0,0,0,0,0,0,1,1,0,1,0,1,1,1,1,0.15,0.14,0.71,-1,0.6,0.5,0.2,0.3,0.68,1,0.004,0.37,1,0,1,1,0,173894.07249999925,212.06594207316982,14.743391422091426,0.3,0.02,2.3240463186364853,8.010548039648997,5.269454918212487,62.60378526392622,0,0,0,0,0,0,0,0,0,1,0,0,0,0,0,0,0,0,0,0,0,1,0.1462,-0.6716,0.83,0.92,0.46,0.5584,-0.0984,0.75,0.36,1.11,0.2738,2023-01-17 14:29:00,2023-01-17 14:36:00
2023-01-13,BANKNIFTY,PriceBreakEMADownward,SIG_1,1,-1,1673597340,1673597580,42320.95,42400.9,-79.95,-0.0,Friday,1,SPOT,0,SHORT,42193.98714999999,42386.4,42386.4,42193.98714999999,42386.4,109.0,1,IS,42320.95,42400.9,1673597340,ABOVE_VA,9,42320.95,0.71,-0.34,0.06,0.03,0.14,20.94999999999709,1,0,0,0,0,0,0,1,0,0,0,0,0,0,0,0,0,0,0,0,0,0,0,1,0,1,1,1,1,0,1,1,1,0.57,0.17,0.26,-1,0.96,0.58,0.2,0.22,0.98,1,0.0,-0.25,1,1,1,1,1,180508.1462500016,220.13188567073365,15.021157838612243,0.36,0.32,8.504725497420926,8.97055558846981,70.56620076729915,78.50816347885558,1,0,0,0,0,1,0,0,0,0,0,0,0,0,0,0,0,0,0,0,0,1,0.054,-0.447,0.95,0.99,0.5,0.5686,-0.0686,0.79,0.35,0.6749,0.1472,2023-01-13 13:39:00,2023-01-13 13:43:00
2023-01-13,BANKNIFTY,PriceBreakEMADownward,SIG_2,1,-1,1673599740,1673600940,42418.45,42272.9,145.55,0.0,Friday,1,SPOT,0,SHORT,42291.19465,42453.95,42453.95,42291.19465,42453.95,69.0,1,IT,42418.45,42272.9,1673599740,ABOVE_VA,11,42418.45,0.59,-0.34,0.1,0.06,0.2,18.44999999999709,0,0,0,0,0,0,0,0,0,0,0,0,0,0,0,0,0,0,0,0,0,0,0,1,0,1,1,1,1,0,1,1,1,0.57,0.17,0.26,-1,0.96,0.58,0.2,0.22,0.98,1,0.0,-0.25,1,1,1,1,1,189988.7125000017,231.69355182927038,15.41057723205079,0.34,0.34,9.009320928848187,8.97055558846981,79.18815960876287,78.50816347885558,0,0,0,0,0,0,0,0,0,0,0,0,0,0,0,0,0,0,0,0,0,1,0.0743,-0.4866,0.93,0.98,0.49,0.5622,-0.0722,0.77,0.36,0.666,0.1333,2023-01-13 14:19:00,2023-01-13 14:39:00
2023-01-12,BANKNIFTY,PriceBreakEMADownward,SIG_1,1,-1,1673504040,1673508180,41950.8,42071.95,-121.15,-0.0,Thursday,1,SPOT,0,SHORT,41824.9476,42017.4,42017.4,41824.9476,42017.4,224.0,1,IS,41950.8,42071.95,1673504040,INSIDE_VA,5,41950.8,0.0,-0.12,-0.12,-0.07,-0.28,-49.19999999999709,0,1,0,0,0,0,0,0,0,0,0,0,0,0,0,0,0,0,0,0,0,0,0,1,0,1,1,1,0,1,1,1,1,0.58,0.2,0.22,1,0.82,0.27,0.0,0.73,0.6,-1,0.0,0.33,0,1,1,1,1,141598.54499999763,172.6811524390215,13.304066342663699,0.17,-0.23,-6.393919047839606,5.448060681143473,-39.8850739417816,28.957429449191693,0,0,0,0,0,0,0,0,0,0,0,0,0,0,0,0,0,0,0,0,0,1,0.0468,-0.4034,0.94,0.99,0.52,0.5951,-0.0751,0.79,0.4,0.5907,0.1264,2023-01-12 11:44:00,2023-01-12 12:53:00
2023-01-11,BANKNIFTY,PriceBreakEMADownward,SIG_1,1,-1,1673419740,1673426100,42231.6,42076.05,155.55,0.0,Wednesday,1,SPOT,0,SHORT,42104.9052,42314.1,42292.9842,42104.9052,42314.1,189.0,1,IT,42231.6,42076.05,1673419740,INSIDE_VA,7,42231.6,1.0,0.23,0.06,0.06,0.06,31.599999999998545,0,0,0,0,0,0,0,0,0,0,0,0,0,0,0,0,0,0,0,0,0,0,0,0,1,1,1,1,0,1,0,0,0,0.27,0.0,0.73,-1,0.56,0.41,0.28,0.31,0.86,1,0.0,-0.98,0,1,1,1,1,244445.73999999897,298.1045609756085,17.480193791831905,0.18,0.22,8.289124874571028,7.396958803368044,67.03374749876309,53.38048735485269,0,0,0,0,0,0,0,0,0,0,0,0,0,0,0,0,0,0,0,0,0,1,0.0362,-0.2754,0.93,0.97,0.47,0.5126,-0.0426,0.65,0.38,1.7934,0.3874,2023-01-11 12:19:00,2023-01-11 14:05:00
2023-01-11,BANKNIFTY,PriceBreakEMADownward,SIG_2,1,-1,1673420640,1673426100,42215.15,42076.05,139.1,0.0,Wednesday,1,SPOT,0,SHORT,42088.50455,42274.45,42274.45,42088.50455,42274.45,174.0,1,IT,42215.15,42076.05,1673420640,INSIDE_VA,7,42215.15,0.9,0.23,0.07,0.06,0.11,15.150000000001455,0,0,0,0,0,0,0,0,0,0,0,0,0,0,0,0,0,0,0,0,0,0,0,0,1,1,1,1,0,1,0,0,0,0.27,0.0,0.73,-1,0.56,0.41,0.28,0.31,0.86,1,0.0,-0.98,0,1,1,1,1,248984.75249999936,303.63994207316995,17.641738594169205,0.19,0.22,8.27714393417481,7.704563794845987,66.84010898248472,57.91249099400156,0,0,0,0,0,0,0,0,0,0,0,0,0,0,0,0,0,0,0,0,0,1,0.1298,-0.5519,0.79,0.89,0.46,0.5362,-0.0762,0.67,0.4,1.7273,0.3777,2023-01-11 12:34:00,2023-01-11 14:05:00
2023-01-11,BANKNIFTY,PriceBreakEMADownward,SIG_3,1,-1,1673423940,1673426100,42222.2,42076.05,146.15,0.0,Wednesday,1,SPOT,0,SHORT,42095.5334,42266.0,42244.8889,42095.5334,42266.0,119.0,1,IT,42222.2,42076.05,1673423940,INSIDE_VA,9,42222.2,0.92,0.23,0.06,0.05,0.07,22.19999999999709,0,0,0,0,0,0,0,0,0,0,0,0,0,0,0,0,0,0,0,0,0,0,0,0,1,1,1,1,0,1,0,0,0,0.27,0.0,0.73,-1,0.56,0.41,0.28,0.31,0.86,1,0.0,-0.98,0,1,1,1,1,262489.6612499996,320.1093429878044,18.11386420845921,0.22,0.21,8.213284124060534,8.580122066234779,65.81271814882422,71.82292163072094,0,0,0,0,0,0,0,0,0,0,0,0,0,0,0,0,0,0,0,0,0,1,0.054,-0.3786,0.93,0.98,0.47,0.5318,-0.0618,0.7,0.36,1.2452,0.313,2023-01-11 13:29:00,2023-01-11 14:05:00
2023-01-10,BANKNIFTY,PriceBreakEMADownward,SIG_1,1,-1,1673338140,1673338680,41962.05,42029.0,-66.95,-0.0,Tuesday,1,SPOT,0,SHORT,41836.163850000004,42028.45,42028.45,41836.163850000004,42028.45,109.0,1,IS,41962.05,42029.0,1673338140,INSIDE_VA,9,41962.05,0.07,-0.33,-0.2,-0.18,-0.25,-37.94999999999709,0,1,0,0,0,0,0,0,0,0,0,0,0,0,0,0,0,0,0,0,0,0,0,0,1,1,1,1,1,1,1,1,1,0.41,0.28,0.31,1,0.94,0.41,0.04,0.55,0.62,-1,0.0,0.66,1,0,1,1,0,148260.37374999808,180.80533384146108,13.613429662928354,0.23,-0.39,-8.449552194085708,6.517135238992847,-69.65359246885718,41.43712363250961,0,0,0,0,0,0,0,0,0,0,0,0,0,0,0,0,0,0,0,0,0,1,0.1098,-0.5786,0.89,0.96,0.48,0.5695,-0.0895,0.77,0.37,0.8924,0.2285,2023-01-10 13:39:00,2023-01-10 13:48:00
2023-01-10,BANKNIFTY,PriceBreakEMADownward,SIG_2,1,-1,1673339940,1673341200,42003.2,41866.5,136.7,-0.0,Tuesday,1,SPOT,0,SHORT,41877.1904,42080.8,42059.7984,41877.1904,42080.8,79.0,1,IT,42003.2,41866.5,1673339940,INSIDE_VA,10,42003.2,0.06,-0.33,-0.17,-0.17,-0.2,3.1999999999970896,0,2,0,0,0,0,0,0,0,0,0,0,0,0,0,0,0,0,0,0,0,0,0,0,1,1,1,1,1,1,1,1,1,0.41,0.28,0.31,1,0.94,0.41,0.04,0.55,0.62,-1,0.0,0.66,1,0,1,1,0,167958.83999999802,204.82785365853417,14.489601443794012,0.22,-0.32,-8.164853683403646,6.772284542651268,-65.03886406964884,44.74520773330077,0,0,0,0,0,0,0,0,0,0,0,0,0,0,0,0,0,0,0,0,0,1,0.1369,-0.6603,0.86,0.94,0.47,0.5626,-0.0926,0.76,0.36,0.9353,0.2289,2023-01-10 14:09:00,2023-01-10 14:30:00
2023-01-09,BANKNIFTY,PriceBreakEMADownward,SIG_1,1,-1,1673240640,1673243880,42520.95,42587.2,-66.25,-0.0,Monday,1,SPOT,0,SHORT,42393.387149999995,42586.85,42586.85,42393.387149999995,42586.85,294.0,1,IS,42520.95,42587.2,1673240640,ABOVE_VA,3,42520.95,1.0,0.38,0.26,0.23,0.33,20.94999999999709,0,0,0,0,0,0,0,0,0,0,0,0,0,0,0,0,0,0,0,0,0,0,0,0,0,1,1,0,0,1,1,0,1,0.41,0.04,0.55,-1,0.48,0.38,0.08,0.54,0.46,-1,0.0,-0.99,0,1,1,0,1,57353.42125000035,69.94319664634189,8.46709965469289,0.0,0.65,6.841191074111277,0.0,45.66038567073152,0.0,0,0,0,0,0,0,0,0,0,0,0,0,0,0,0,0,0,0,0,0,0,1,0.1664,-0.7328,0.78,0.88,0.45,0.5354,-0.0854,0.74,0.33,1.0958,0.2595,2023-01-09 10:34:00,2023-01-09 11:28:00
2023-01-09,BANKNIFTY,PriceBreakEMADownward,SIG_2,1,-1,1673246040,1673251800,42650.6,42489.5,161.1,0.0,Monday,1,SPOT,0,SHORT,42522.648199999996,42716.8,42695.474700000006,42522.648199999996,42716.8,204.0,1,IT,42650.6,42489.5,1673246040,ABOVE_VA,6,42650.6,0.5,0.38,0.19,0.15,0.29,-49.400000000001455,0,0,0,0,0,0,0,0,0,0,0,0,0,0,0,0,0,0,0,0,0,0,0,1,0,1,1,0,0,1,1,0,1,0.41,0.04,0.55,-1,0.48,0.38,0.08,0.54,0.46,-1,0.0,-0.99,0,1,1,0,1,87985.66875000024,107.29959603658567,10.487234427507584,0.15,0.5,7.4108426828426515,3.9998270214986507,53.58106270228534,15.608406050644646,1,0,0,0,0,0,0,0,0,0,0,0,0,0,0,0,0,0,0,0,0,1,0.1448,-0.6336,0.79,0.88,0.44,0.5208,-0.0808,0.68,0.36,1.3769,0.3121,2023-01-09 12:04:00,2023-01-09 13:40:00
2023-01-04,BANKNIFTY,PriceBreakEMADownward,SIG_1,1,-1,1672819140,1672819980,43019.0,43102.1,-83.1,0.0,Wednesday,1,SPOT,0,SHORT,42889.943,43079.15,43079.15,42889.943,43079.15,119.0,1,IS,43019.0,43102.1,1672819140,INSIDE_VA,9,43019.0,0.23,-0.27,-0.11,-0.06,-0.25,19.0,0,0,0,0,0,0,0,0,0,0,0,0,0,0,0,0,0,0,0,0,0,0,0,1,1,1,1,1,1,1,1,1,1,0.01,0.08,0.91,1,0.7,0.18,0.34,0.48,0.56,1,0.0,0.5,1,0,1,1,1,160426.3537499962,195.64189481706853,14.16096543981007,0.04,-0.6,-10.97359003131468,2.940908386388372,-117.48261285401846,8.437992328906788,0,0,0,0,0,0,0,0,0,0,0,0,0,0,0,0,0,0,0,0,0,1,0.1012,-0.5096,0.86,0.94,0.51,0.5863,-0.0763,0.76,0.41,1.3574,0.376,2023-01-04 13:29:00,2023-01-04 13:43:00
2023-01-03,BANKNIFTY,PriceBreakEMADownward,SIG_1,1,-1,1672721940,1672728300,43398.7,43256.8,141.9,-0.0,Tuesday,1,SPOT,0,SHORT,43268.503899999996,43457.25,43435.55065,43268.503899999996,43457.25,299.0,1,IT,43398.7,43256.8,1672721940,INSIDE_VA,3,43398.7,1.0,0.27,0.14,0.08,0.3,-1.3000000000029104,0,0,0,0,0,0,0,0,0,0,0,0,0,0,0,0,0,0,0,0,0,0,0,1,0,1,1,1,1,0,1,1,0,0.18,0.34,0.48,1,1.0,0.34,0.04,0.62,0.71,-1,0.0,0.2,1,0,1,1,1,21049.493749999994,25.670114329268287,5.129509449011669,0.06,0.48,3.54957164705403,1.2983422834254936,12.29215500250718,1.6445782292005122,0,0,0,0,0,1,0,0,0,0,0,0,0,0,0,0,0,0,0,0,0,1,0.171,-0.6685,0.67,0.79,0.4,0.4908,-0.0908,0.64,0.34,1.7668,0.3249,2023-01-03 10:29:00,2023-01-03 12:15:00
2023-01-03,BANKNIFTY,PriceBreakEMADownward,SIG_2,1,-1,1672735440,1672735800,43367.65,43471.3,-103.65,-0.0,Tuesday,1,SPOT,0,SHORT,43237.54705,43452.5,43452.5,43237.54705,43452.5,74.0,1,IS,43367.65,43471.3,1672735440,INSIDE_VA,10,43367.65,1.0,0.27,-0.03,-0.05,0.01,-32.349999999998545,1,0,1,0,0,0,0,0,0,0,0,0,0,0,0,0,0,0,0,0,0,0,0,1,0,1,1,1,1,0,1,1,0,0.18,0.34,0.48,1,1.0,0.34,0.04,0.62,0.71,-1,0.0,0.2,1,0,1,1,1,77258.24000000402,94.21736585366344,9.827146076048988,0.36,0.01,0.7624822005367672,5.921140589781584,0.5671991279369666,34.204786228252686,1,0,0,0,0,1,0,0,0,0,0,0,0,0,0,0,0,0,0,0,0,1,0.0504,-0.3462,0.92,0.97,0.51,0.558,-0.048,0.71,0.4,1.481,0.3891,2023-01-03 14:14:00,2023-01-03 14:20:00
2022-12-30,BANKNIFTY,PriceBreakEMADownward,SIG_1,1,-1,1672385340,1672388460,43162.8,43002.05,160.75,0.0,Friday,1,SPOT,0,SHORT,43033.3116,43197.65,43197.65,43033.3116,43197.65,149.0,1,IT,43162.8,43002.05,1672385340,ABOVE_VA,8,43162.8,0.55,-0.14,-0.06,-0.03,-0.15,-37.19999999999709,0,0,0,0,0,0,0,0,0,0,0,0,0,0,0,0,0,0,0,0,0,0,0,0,0,0,0,0,1,0,0,0,0,0.19,0.2,0.61,1,0.34,0.11,0.75,0.14,1.0,1,-0.0002,0.81,1,1,1,1,1,89977.1512500011,109.72823323170866,10.605255256829105,0.34,-0.1,-3.3093371707438264,6.20507525145566,-10.684597570406591,37.56386231827075,0,0,0,0,0,0,0,0,0,0,0,0,0,0,0,0,0,0,0,0,0,1,-0.0395,-0.1257,0.99,0.99,0.43,0.4611,-0.0311,0.64,0.29,0.4146,-0.0931,2022-12-30 12:59:00,2022-12-30 13:51:00
2022-12-29,BANKNIFTY,PriceBreakEMADownward,SIG_1,1,-1,1672291440,1672294380,42571.75,42642.45,-70.7,-0.0,Thursday,1,SPOT,0,SHORT,42444.03475,42637.6,42637.6,42444.03475,42637.6,274.0,1,IS,42571.75,42642.45,1672291440,GAP_DOWN,4,42571.75,1.0,-0.08,-0.03,-0.04,0.0,-28.25,0,0,0,0,0,0,0,0,0,0,0,0,0,0,0,0,0,0,0,0,0,0,0,0,1,0,0,0,0,0,1,1,1,0.11,0.75,0.14,1,0.68,0.81,0.1,0.09,0.44,1,0.0,0.57,1,0,0,1,0,36242.85125000026,44.198599085366176,6.7307922314167685,0.18,-0.06,-1.6592289728876348,2.8479842793431156,-2.685893448263177,7.913184834522465,0,0,0,0,0,0,0,0,0,0,0,0,0,0,0,0,0,0,0,0,0,1,0.071,-0.5416,0.93,0.98,0.39,0.4717,-0.0817,0.72,0.22,0.7161,0.0652,2022-12-29 10:54:00,2022-12-29 11:43:00
2022-12-29,BANKNIFTY,PriceBreakEMADownward,SIG_2,1,-1,1672295940,1672299180,42643.25,42717.4,-74.15,-0.0,Thursday,1,SPOT,0,SHORT,42515.32025,42694.1,42694.1,42515.32025,42694.1,199.0,1,IS,42643.25,42717.4,1672295940,GAP_DOWN,6,42643.25,1.0,-0.08,0.05,0.04,0.1,43.25,0,0,0,0,0,0,0,0,0,0,0,0,0,0,0,0,0,0,0,0,0,0,0,0,1,0,0,0,0,0,1,1,1,0.11,0.75,0.14,1,0.68,0.81,0.1,0.09,0.44,1,0.0,0.57,1,0,0,1,0,55340.856250001336,67.48884908536748,8.317215297952895,0.36,-0.03,-1.3253407336123009,4.9825390609719244,-1.7136859123629193,24.22019072596194,0,1,0,0,0,0,0,0,0,0,0,0,0,0,0,0,0,0,0,0,0,1,0.0785,-0.5249,0.93,0.98,0.39,0.4727,-0.0827,0.69,0.25,0.7073,0.0598,2022-12-29 12:09:00,2022-12-29 13:03:00
2022-12-28,BANKNIFTY,PriceBreakEMADownward,SIG_1,1,-1,1672207140,1672210080,42975.6,43027.05,-51.45,0.0,Wednesday,1,SPOT,0,SHORT,42846.6732,43020.25,43020.25,42846.6732,43020.25,239.0,1,IS,42975.6,43027.05,1672207140,ABOVE_VA,5,42975.6,0.6,0.14,0.11,0.04,0.33,-24.400000000001455,0,0,0,0,0,0,0,0,0,0,0,0,0,0,0,0,0,0,0,0,0,0,0,1,0,0,1,0,1,0,0,1,0,0.81,0.1,0.09,1,0.85,0.12,0.16,0.72,0.35,1,0.0,1.7,1,0,0,1,0,74107.71124999976,90.37525762195092,9.624689037184512,0.44,0.11,3.239927811099315,6.357438170176049,10.241104605985168,39.43123910986478,0,0,0,0,0,0,0,0,0,0,0,0,0,1,0,0,0,0,0,0,0,1,-0.0495,-0.1377,0.98,0.98,0.48,0.5163,-0.0363,0.74,0.3,0.5509,0.0531,2022-12-28 11:29:00,2022-12-28 12:18:00
2022-12-28,BANKNIFTY,PriceBreakEMADownward,SIG_2,1,-1,1672217340,1672221120,42915.65,42782.1,133.55,0.0,Wednesday,1,SPOT,0,SHORT,42786.90305,42975.65,42954.192175000004,42786.90305,42975.65,69.0,1,IT,42915.65,42782.1,1672217340,ABOVE_VA,11,42915.65,0.65,0.14,0.02,-0.0,0.08,15.650000000001455,0,0,1,0,0,0,0,0,0,0,0,0,0,0,0,0,0,0,0,0,0,0,0,1,0,0,1,0,1,0,0,1,0,0.81,0.1,0.09,1,0.85,0.12,0.16,0.72,0.35,1,0.0,1.7,1,0,0,1,0,105222.04625000013,128.31956859756113,11.468546455959455,0.49,0.05,2.6028479206139097,8.038695994592977,6.609577851555271,63.04452028632701,1,0,0,0,0,0,0,0,0,0,0,0,0,0,0,0,0,0,0,0,0,1,0.0756,-0.5055,0.93,0.98,0.44,0.5193,-0.0793,0.74,0.3,0.7098,0.112,2022-12-28 14:19:00,2022-12-28 15:22:00
2022-12-27,BANKNIFTY,PriceBreakEMADownward,SIG_1,1,-1,1672119240,1672124520,42628.35,42478.75,149.6,-0.0,Tuesday,1,SPOT,0,SHORT,42500.46495,42663.85,42642.535825,42500.46495,42663.85,264.0,1,IT,42628.35,42478.75,1672119240,ABOVE_VA,4,42628.35,1.0,-0.16,0.07,0.06,0.09,28.349999999998545,1,0,0,0,0,0,0,0,0,0,0,0,0,0,0,0,0,0,0,0,0,0,0,1,0,0,1,0,0,0,0,0,0,0.12,0.16,0.72,1,0.49,0.1,0.44,0.46,1.0,-1,0.0,1.76,1,1,1,1,1,178104.6475000032,217.20078963415023,14.920817986122746,0.17,-0.4,-9.475613515115466,6.126907157564164,-87.59731852472088,36.62340616332779,0,0,0,0,0,0,0,0,0,0,0,0,0,0,0,0,0,0,0,0,0,1,0.1166,-0.5505,0.77,0.85,0.54,0.6175,-0.0775,0.81,0.42,1.4315,0.4199,2022-12-27 11:04:00,2022-12-27 12:32:00
2022-12-27,BANKNIFTY,PriceBreakEMADownward,SIG_2,1,-1,1672130940,1672131420,42708.2,42558.4,149.8,-0.0,Tuesday,1,SPOT,0,SHORT,42580.075399999994,42773.75,42773.75,42580.075399999994,42773.75,69.0,1,IT,42708.2,42558.4,1672130940,ABOVE_VA,11,42708.2,1.0,-0.16,0.01,-0.01,0.06,8.19999999999709,0,0,0,0,0,0,0,0,0,0,0,0,0,0,0,0,0,0,0,0,0,0,0,1,0,0,1,0,0,0,0,0,0,0.12,0.16,0.72,1,0.49,0.1,0.44,0.46,1.0,-1,0.0,1.76,1,1,1,1,1,251784.59875000213,307.0543887195148,17.740652424234646,0.34,-0.25,-8.93044872002849,10.27344132939197,-77.80772130834973,102.96936268142345,0,0,0,0,0,0,0,0,0,0,0,0,0,0,0,0,0,0,0,0,0,1,0.0663,-0.4604,0.93,0.98,0.52,0.5914,-0.0714,0.8,0.38,0.6502,0.158,2022-12-27 14:19:00,2022-12-27 14:27:00
2022-12-26,BANKNIFTY,PriceBreakEMADownward,SIG_1,1,-1,1672031640,1672034100,42120.6,42174.35,-53.75,-0.0,Monday,1,SPOT,0,SHORT,41994.2382,42168.3,42168.3,41994.2382,42168.3,284.0,1,IS,42120.6,42174.35,1672031640,BELOW_VA,3,42120.6,1.0,0.38,0.24,0.21,0.33,20.599999999998545,1,0,0,0,0,0,0,0,0,0,0,0,0,0,0,0,0,0,0,0,0,0,0,1,1,1,1,1,0,1,0,0,0,0.1,0.44,0.46,-1,0.0,0.18,0.1,0.72,0.0,-1,-0.0066,-1.9,0,1,0,0,0,132267.05375000255,161.30128506097873,12.85821982964606,0.02,0.69,10.711113932615905,1.586343834111075,111.92971870973521,2.4551090341680246,0,0,0,0,0,0,0,0,0,0,0,0,0,0,0,0,0,0,0,0,0,1,0.1438,-0.6045,0.72,0.82,0.48,0.5462,-0.0662,0.69,0.4,1.6028,0.3816,2022-12-26 10:44:00,2022-12-26 11:25:00
2022-12-26,BANKNIFTY,PriceBreakEMADownward,SIG_2,1,-1,1672037640,1672041600,42309.25,42372.45,-63.2,-0.0,Monday,1,SPOT,0,SHORT,42182.32225,42347.15,42347.15,42182.32225,42347.15,184.0,1,IS,42309.25,42372.45,1672037640,BELOW_VA,7,42309.25,0.56,0.38,0.19,0.16,0.25,9.25,2,0,0,0,0,0,0,0,0,0,0,0,0,0,1,0,0,0,0,0,0,0,0,1,1,1,1,1,0,1,0,0,1,0.1,0.44,0.46,-1,0.0,0.18,0.1,0.72,0.0,-1,-0.0066,-1.9,0,1,0,0,0,162098.74250000247,197.68139329268593,14.234585632360469,0.08,0.67,11.664830294344345,4.061947387687111,132.74952760571077,16.09699178569575,0,0,0,0,0,0,0,0,0,0,0,0,0,0,0,0,0,0,0,0,0,1,0.1019,-0.5144,0.83,0.91,0.49,0.5461,-0.0561,0.71,0.38,1.2941,0.3394,2022-12-26 12:24:00,2022-12-26 13:30:00
2022-12-23,BANKNIFTY,PriceBreakEMADownward,SIG_1,1,-1,1671774540,1671776100,41951.05,41821.1,129.95,0.0,Friday,1,SPOT,0,SHORT,41825.19685,41997.1,41976.124475,41825.19685,41997.1,249.0,1,IT,41951.05,41821.1,1671774540,GAP_DOWN,5,41951.05,1.0,-0.2,-0.12,-0.1,-0.19,-48.94999999999709,0,0,0,0,0,0,0,0,0,0,0,0,0,0,0,0,0,0,0,0,0,0,0,0,1,0,0,0,0,0,0,0,0,0.18,0.1,0.72,-1,0.81,0.23,0.07,0.7,0.46,-1,0.0,-2.13,0,1,0,0,1,53536.822499999194,65.28880792682828,8.18052737450337,0.17,-0.35,-4.841821321303898,3.3926445220822465,-22.871447519446846,11.229304247038709,0,0,0,0,0,0,0,0,0,0,0,0,0,0,0,0,0,0,0,0,0,1,0.083,-0.4532,0.88,0.95,0.38,0.4534,-0.0734,0.62,0.29,1.3728,0.2505,2022-12-23 11:19:00,2022-12-23 11:45:00
2022-12-21,BANKNIFTY,PriceBreakEMADownward,SIG_1,1,-1,1671604140,1671605100,43334.1,43159.15,174.95,0.0,Wednesday,1,SPOT,0,SHORT,43204.0977,43392.7,43371.03295,43204.0977,43392.7,209.0,1,IT,43334.1,43159.15,1671604140,GAP_UP,6,43334.1,0.0,-0.11,-0.14,-0.14,-0.16,34.099999999998545,0,0,0,0,0,0,0,0,0,0,0,1,0,0,0,0,0,0,0,0,0,0,0,1,0,0,1,0,1,0,1,1,1,0.42,0.02,0.56,1,0.67,0.69,0.01,0.3,0.93,1,0.0,0.18,1,1,1,1,1,52349.17750000087,63.84046036585472,8.089281295331563,0.06,-0.52,-5.859658079592544,1.9044303395857383,-33.49813932656992,3.5383950422777084,0,0,0,0,0,0,0,0,0,1,0,0,0,0,0,0,0,0,0,0,0,1,0.1598,-0.711,0.79,0.89,0.46,0.555,-0.095,0.72,0.39,1.0564,0.2596,2022-12-21 11:59:00,2022-12-21 12:15:00
2022-12-20,BANKNIFTY,PriceBreakEMADownward,SIG_1,1,-1,1671521040,1671521580,43085.8,43151.05,-65.25,-0.0,Tuesday,1,SPOT,0,SHORT,42956.5426,43147.6,43147.6,42956.5426,43147.6,154.0,1,IS,43085.8,43151.05,1671521040,BELOW_VA,8,43085.8,0.64,-0.12,-0.08,-0.09,-0.07,-14.19999999999709,0,2,0,0,0,0,0,0,1,0,0,0,0,1,0,0,0,0,0,0,0,0,0,0,1,1,0,1,0,1,1,1,1,0.69,0.01,0.3,1,1.0,0.3,0.65,0.05,0.66,-1,0.0,0.51,0,1,1,1,1,85917.92000000176,104.77795121951434,10.363271684173979,0.22,-0.16,-4.112970397712589,4.8413208490399295,-16.503927309717117,22.866719573998736,0,1,0,0,0,0,1,0,0,0,0,1,0,0,0,0,0,0,0,0,0,1,0.0656,-0.3531,0.88,0.96,0.5,0.5518,-0.0518,0.68,0.42,1.8684,0.4271,2022-12-20 12:54:00,2022-12-20 13:03:00
2022-12-20,BANKNIFTY,PriceBreakEMADownward,SIG_2,1,-1,1671522240,1671526080,43091.3,43174.6,-83.3,-0.0,Tuesday,1,SPOT,0,SHORT,42962.0261,43174.4,43174.4,42962.0261,43174.4,134.0,1,IS,43091.3,43174.6,1671522240,BELOW_VA,8,43091.3,0.67,-0.12,-0.08,-0.09,-0.06,-8.69999999999709,0,2,0,1,0,0,0,0,0,0,0,0,0,0,0,0,0,0,0,0,0,0,0,0,1,1,0,1,0,1,1,1,1,0.69,0.01,0.3,1,1.0,0.3,0.65,0.05,0.66,-1,0.0,0.51,0,1,1,1,1,88271.82500000153,107.64856707317259,10.50427442758432,0.24,-0.15,-4.092922044516788,5.117105000240061,-16.343425231699005,25.546110813153003,0,0,0,0,0,0,0,0,0,0,0,0,0,0,0,0,0,0,0,0,0,1,0.0811,-0.4273,0.89,0.96,0.48,0.5431,-0.0631,0.69,0.39,1.5715,0.3764,2022-12-20 13:14:00,2022-12-20 14:18:00
2022-12-19,BANKNIFTY,PriceBreakEMADownward,SIG_1,1,-1,1671427440,1671430140,43366.25,43429.55,-63.3,-0.0,Monday,1,SPOT,0,SHORT,43236.15125,43417.35,43417.35,43236.15125,43417.35,274.0,1,IS,43366.25,43429.55,1671427440,INSIDE_VA,4,43366.25,0.33,0.05,0.11,0.09,0.18,-33.75,1,0,0,0,1,0,0,0,1,0,0,0,0,0,0,0,0,0,0,0,0,0,0,0,1,1,1,1,0,1,0,0,0,0.3,0.65,0.05,-1,0.42,0.01,0.24,0.75,0.3,-1,-0.0027,-1.44,0,1,0,0,0,52941.96624999675,64.5633734756058,8.13495284635971,0.23,0.2,3.6496254334743226,3.904578153225203,12.99489346796355,14.873883467944912,0,0,0,0,0,0,0,0,0,0,0,0,0,0,0,0,0,0,0,0,0,1,-0.0274,-0.0446,0.92,0.92,0.67,0.6773,-0.0073,0.79,0.56,2.4128,0.6286,2022-12-19 10:54:00,2022-12-19 11:39:00
2022-12-19,BANKNIFTY,PriceBreakEMADownward,SIG_2,1,-1,1671431340,1671435000,43394.8,43262.05,132.75,-0.0,Monday,1,SPOT,0,SHORT,43264.615600000005,43438.5,43438.5,43264.615600000005,43438.5,209.0,1,IT,43394.8,43262.05,1671431340,INSIDE_VA,6,43394.8,0.29,0.05,0.09,0.06,0.18,-5.19999999999709,2,0,0,0,0,0,0,0,0,0,0,0,0,0,0,0,0,0,0,0,0,0,0,0,1,1,1,1,0,1,0,0,0,0.3,0.65,0.05,-1,0.42,0.01,0.24,0.75,0.3,-1,-0.0027,-1.44,0,1,0,0,0,61041.19874999641,74.44048628048343,8.73507289251186,0.22,0.19,3.7952926395008957,4.058876093188474,14.052923140926513,16.07265867303115,0,0,0,0,0,0,0,0,0,0,0,0,0,0,0,0,0,0,0,0,0,1,-0.007,-0.2474,0.97,0.99,0.57,0.6051,-0.0351,0.82,0.39,0.5391,0.1333,2022-12-19 11:59:00,2022-12-19 13:00:00
2022-12-19,BANKNIFTY,PriceBreakEMADownward,SIG_3,1,-1,1671438540,1671439560,43328.25,43382.4,-54.15,-0.0,Monday,1,SPOT,0,SHORT,43198.26525,43363.1,43363.1,43198.26525,43363.1,89.0,1,IS,43328.25,43382.4,1671438540,INSIDE_VA,10,43328.25,0.47,0.05,0.03,0.03,0.04,28.25,0,0,0,0,0,0,0,0,0,0,0,0,0,0,0,0,0,0,0,0,0,0,0,0,1,1,1,1,0,1,0,0,0,0.3,0.65,0.05,-1,0.42,0.01,0.24,0.75,0.3,-1,-0.0027,-1.44,0,1,0,0,0,89497.04124999653,109.14273323170309,10.576923066870425,0.33,0.06,2.6829620719253837,6.037646678601695,7.022717540868437,35.56407552744399,0,0,0,0,0,0,0,0,0,0,0,0,0,0,0,0,0,0,0,0,0,1,-0.0769,-0.0683,1.0,0.99,0.53,0.5549,-0.0249,0.77,0.34,0.5534,0.1066,2022-12-19 13:59:00,2022-12-19 14:16:00
2022-12-16,BANKNIFTY,PriceBreakEMADownward,SIG_1,1,-1,1671170640,1671173940,43212.6,43300.45,-87.85,-0.0,Friday,1,SPOT,0,SHORT,43082.9622,43288.15,43288.15,43082.9622,43288.15,234.0,1,IS,43212.6,43300.45,1671170640,GAP_DOWN,5,43212.6,0.33,-0.25,-0.13,-0.12,-0.15,12.599999999998545,0,0,0,0,0,0,0,0,0,0,0,0,0,0,0,0,0,0,0,0,0,0,0,0,1,0,0,0,0,0,0,0,0,0.01,0.24,0.75,-1,0.18,0.15,0.45,0.4,0.81,-1,-0.0011,-1.57,1,1,1,1,1,148871.46374999842,181.55056554877856,13.641456289102644,0.07,0.01,1.0381348352432054,3.569812632482429,1.0514379864833534,12.432743640030367,0,0,0,0,0,0,0,0,0,0,0,0,0,0,0,0,0,0,0,0,0,1,-0.0023,-0.2365,0.97,0.99,0.55,0.5859,-0.0359,0.76,0.41,0.44,0.0452,2022-12-16 11:34:00,2022-12-16 12:29:00
2022-12-15,BANKNIFTY,PriceBreakEMADownward,SIG_1,1,-1,1671079140,1671085080,44060.45,43927.7,132.75,0.0,Thursday,1,SPOT,0,SHORT,43928.26865,44120.6,44098.569774999996,43928.26865,44120.6,300.0,1,IT,44060.45,43927.7,1671079140,GAP_DOWN,2,44060.45,0.0,0.01,0.0,-0.05,0.19,-39.55000000000291,0,0,0,0,0,0,0,0,0,0,0,0,0,0,0,0,0,0,0,0,0,0,0,1,1,1,1,1,1,0,1,1,1,0.15,0.45,0.4,-1,0.0,0.12,0.32,0.56,0.0,1,0.0022,0.26,1,0,0,1,0,15794.537500001166,19.261631097562397,4.443328918165013,0.0,0.22,2.1062800442961307,0.0,4.328210365853765,0.0,0,0,0,0,1,0,0,0,0,0,0,0,0,0,0,0,0,0,0,0,0,1,,,,,,,,,,,,2022-12-15 10:09:00,2022-12-15 11:48:00
2022-12-15,BANKNIFTY,PriceBreakEMADownward,SIG_2,1,-1,1671080640,1671085200,44053.6,43920.55,133.05,0.0,Thursday,1,SPOT,0,SHORT,43921.4392,44090.5,44068.4732,43921.4392,44090.5,294.0,1,IT,44053.6,43920.55,1671080640,GAP_DOWN,3,44053.6,1.0,-0.02,0.01,-0.05,0.17,-46.400000000001455,0,0,0,0,0,0,0,0,0,0,0,0,0,0,0,0,0,0,0,0,0,0,0,1,1,1,1,1,1,0,1,1,1,0.15,0.45,0.4,-1,0.0,0.12,0.32,0.56,0.0,1,0.0022,0.26,1,0,0,1,0,21178.807500001232,25.827814024391746,5.145241430195627,0.1,0.09,1.5513273829538803,1.5927268496665885,2.347918682051254,2.474906163559859,0,0,0,1,0,0,0,0,0,0,0,0,0,0,0,0,0,0,0,0,0,1,0.1033,-0.6431,0.89,0.95,0.31,0.4133,-0.1033,0.67,0.15,0.749,-0.0009,2022-12-15 10:34:00,2022-12-15 11:50:00
2022-12-14,BANKNIFTY,PriceBreakEMADownward,SIG_1,1,-1,1670995740,1670996160,44056.25,44096.9,-40.65,0.0,Wednesday,1,SPOT,0,SHORT,43924.08125,44094.45,44094.45,43924.08125,44094.45,269.0,1,IS,44056.25,44096.9,1670995740,GAP_UP,4,44056.25,1.0,0.0,0.01,0.02,-0.04,-43.75,0,0,0,0,0,0,0,0,0,0,0,0,0,0,0,0,0,0,0,0,0,0,0,1,0,0,1,0,0,0,0,0,0,0.12,0.32,0.56,1,0.0,0.2,0.18,0.62,0.0,1,0.0006,0.54,1,0,0,1,0,11284.798750000144,13.761949695122127,3.7557953135787607,0.0,0.13,1.34829811707197,0.0,1.7735685975607993,0.0,0,0,0,0,0,0,0,0,0,0,0,0,0,0,0,0,0,0,0,0,0,1,-0.0916,-0.0131,0.94,0.92,0.46,0.4757,-0.0157,0.72,0.23,0.5243,0.0153,2022-12-14 10:59:00,2022-12-14 11:06:00
2022-12-14,BANKNIFTY,PriceBreakEMADownward,SIG_2,1,-1,1670997840,1670999760,44099.8,44134.45,-34.65,0.0,Wednesday,1,SPOT,0,SHORT,43967.5006,44127.1,44127.1,43967.5006,44127.1,234.0,1,IS,44099.8,44134.45,1670997840,GAP_UP,5,44099.8,0.67,0.0,0.04,0.05,0.0,-0.19999999999708962,0,0,0,0,0,0,0,0,0,0,0,0,0,0,0,0,0,0,0,0,0,0,0,1,0,0,1,0,0,0,0,0,0,0.12,0.32,0.56,1,0.0,0.2,0.18,0.62,0.0,1,0.0006,0.54,1,0,0,1,0,14731.697500000333,17.96548475609797,4.291226150530919,0.0,0.33,2.4751830740371616,0.0,5.977103658536638,0.0,0,0,0,0,0,0,0,0,0,0,0,0,0,0,0,0,0,0,0,0,0,1,-0.0375,-0.2058,0.98,0.98,0.47,0.52,-0.05,0.76,0.28,0.631,0.094,2022-12-14 11:34:00,2022-12-14 12:06:00
2022-12-14,BANKNIFTY,PriceBreakEMADownward,SIG_3,1,-1,1670999040,1670999760,44107.45,44134.45,-27.0,0.0,Wednesday,1,SPOT,0,SHORT,43975.127649999995,44126.2,44126.2,43975.127649999995,44126.2,214.0,1,IS,44107.45,44134.45,1670999040,GAP_UP,6,44107.45,0.57,0.0,0.03,0.04,0.0,7.44999999999709,0,0,0,0,0,0,0,0,0,0,0,0,0,0,0,0,0,0,0,0,0,0,0,1,0,0,1,0,0,0,0,0,0,0.12,0.32,0.56,1,0.0,0.2,0.18,0.62,0.0,1,0.0006,0.54,1,0,0,1,0,14926.922500000335,18.20356402439065,4.31956631214297,0.0,0.34,2.5239973256721284,0.0,6.215182926829324,0.0,0,0,0,0,0,0,0,0,0,0,0,0,0,0,0,0,0,0,0,0,0,1,0.0258,-0.3369,0.94,0.98,0.46,0.5203,-0.0603,0.73,0.31,0.55,0.0398,2022-12-14 11:54:00,2022-12-14 12:06:00
