day,symbol,strategy,signal_id,trigger,side,entry_time,exit_time,entry_price,exit_price,realized_pnl,un_realized_pnl,week_day,seq,instrument,cover,market_view,spot_target,spot_stop_loss,instr_target,instr_stop_loss,duration,quantity,exit_type,trigger_time,closed,open_type,tpo,spot,candles_in_range,first_hour_trend,whole_day_trend,five_min_trend,fifteen_min_trend,quad,lin,quad_r2,lin_r2,market_auc,trend_auc,auc_del,mu_0,mu_n,exp_b,exp_c,lc_dist_frm_level,lc_resistance_ind,lc_support_ind,lc_y_high,lc_y_low,lc_y_va_h_p,lc_y_va_l_p,lc_y_poc_price,lc_t_2_high,lc_t_2_low,lc_t_2_va_h_p,lc_t_2_va_l_p,lc_t_2_poc_price,lc_w_high,lc_w_low,lc_w_Pivot,lc_w_R1,lc_w_S1,lc_w_R2,lc_w_S2,lc_w_R3,lc_w_S3,lc_w_R4,lc_w_S4,d_y_high,d_y_low,d_y_poc_price,d_y_va_h_p,d_y_va_l_p,d_t_2_high,d_t_2_low,d_t_2_poc_price,d_t_2_va_h_p,d_t_2_va_l_p,d2_cd_support_pressure,d2_cd_resistance_pressure,d2_cd_new_business_pressure,d2_cd_type,d2_cd_retest_fract,d2_ad_support_pressure,d2_ad_resistance_pressure,d2_ad_new_business_pressure,d2_ad_retest_fract,d2_ad_type,d2_gap,d2_cd_close_rat,d2_ad_high,d2_ad_low,d2_ad_poc_price,d2_ad_va_h_p,d2_ad_va_l_p,total_energy,total_energy_pyr,total_energy_ht,static_ratio,dynamic_ratio,d_en_ht,s_en_ht,d_en_pyr,s_en_pyr,pat_y_high,pat_y_low,pat_y_va_h_p,pat_y_va_l_p,pat_y_poc_price,pat_t_2_high,pat_t_2_low,pat_t_2_va_h_p,pat_t_2_va_l_p,pat_t_2_poc_price,pat_w_high,pat_w_low,pat_w_Pivot,pat_w_R1,pat_w_S1,pat_w_R2,pat_w_S2,pat_w_R3,pat_w_S3,pat_w_R4,pat_w_S4,strength,entry_time_read
2023-01-24,NIFTY,PriceBreakEMADownward,SIG_1,1,-1,1674539040,1674542640.0,18154.25,18129.6,24.65,0.0,Tuesday,1,SPOT,0,SHORT,18099.78725,18173.1,18099.78725,18173.1,60.0,1,TC,1674539040,True,GAP_UP,4,18154.25,1.0,-0.05,-0.04,-0.04,-0.03,0.0145,-0.2426,0.96,0.99,0.47,0.5044,-0.0344,0.66,0.35,1.4548,0.345,-45.75,1,0,1,0,1,0,0,1,0,0,0,0,0,0,0,0,0,0,0,0,0,0,0,1,0,1,1,1,1,0,1,1,0,0.43,0.45,0.12,-1,0.83,0.09,0.23,0.68,0.63,-1,0.0,0.03,1,0,1,1,1,3697.6975000000443,30.814145833333704,5.733098832413638,0.0,-0.19,-2.466653153116229,0.0,-5.704104166667096,0.0,1,0,1,0,0,1,0,0,0,0,0,0,0,0,0,0,0,0,0,0,0,1,2023-01-24 11:14:00
2023-01-24,NIFTY,PriceBreakEMADownward,SIG_2,1,-1,1674545940,1674549540.0,18133.2,18105.65,27.55,0.0,Tuesday,1,SPOT,0,SHORT,18078.8004,18143.55,18078.8004,18143.55,60.0,1,TC,1674545940,True,GAP_UP,8,18133.2,0.92,-0.05,-0.04,-0.04,-0.05,0.0307,-0.3281,0.96,1.0,0.46,0.5165,-0.0565,0.7,0.33,0.4433,-0.0339,33.20000000000073,1,0,0,0,1,0,0,1,0,1,0,0,0,0,0,0,0,0,0,0,0,0,0,1,0,1,1,1,1,0,1,1,0,0.43,0.45,0.12,-1,0.83,0.09,0.23,0.68,0.63,-1,0.0,0.03,1,0,1,1,1,5521.369999999926,46.01141666666605,7.005629482383706,0.0,-0.32,-3.955746874274623,0.0,-14.669937500000108,0.0,0,0,1,0,0,1,0,1,0,0,0,0,0,0,0,0,0,0,0,0,0,1,2023-01-24 13:09:00
2023-01-24,NIFTY,PriceBreakEMADownward,SIG_3,1,-1,1674551640,1674552600.0,18105.4,18130.1,-24.7,0.0,Tuesday,1,SPOT,0,SHORT,18051.0838,18127.7,18051.0838,18127.7,45.0,1,IS,1674551640,True,GAP_UP,11,18105.4,0.67,-0.05,-0.09,-0.08,-0.11,0.0162,-0.2923,0.97,1.0,0.5,0.5538,-0.0538,0.74,0.37,0.4591,0.0188,5.400000000001455,2,0,0,0,0,1,1,0,0,0,0,1,0,0,0,0,0,0,0,0,0,0,0,1,1,1,1,1,1,0,1,1,1,0.43,0.45,0.12,-1,0.83,0.09,0.23,0.68,0.63,-1,0.0,0.03,1,0,1,1,1,8968.916250000066,74.74096875000055,8.928812911020175,0.06,-0.3,-4.854903993701968,2.1974508002630846,-22.096961988809362,4.526990643353317,0,0,0,1,1,0,0,0,0,1,0,0,0,0,0,0,0,0,0,0,0,1,2023-01-24 14:44:00
2023-01-24,NIFTY,PriceBreakEMADownward,SIG_4,1,-1,1674553740,1674554340.0,18110.9,18101.15,9.75,0.0,Tuesday,1,SPOT,0,SHORT,18056.567300000002,18134.4,18056.567300000002,18134.4,10.0,1,TC,1674553740,True,GAP_UP,13,18110.9,0.57,-0.05,-0.07,-0.05,-0.1,0.0299,-0.351,0.96,1.0,0.49,0.5537,-0.0637,0.75,0.36,0.5534,0.0739,10.900000000001455,0,0,0,0,0,0,0,0,0,0,0,0,0,0,0,0,0,0,0,0,0,0,0,1,1,1,1,1,1,0,1,1,1,0.43,0.45,0.12,-1,0.83,0.09,0.23,0.68,0.63,-1,0.0,0.03,1,0,1,1,1,10052.988750000057,83.77490625000047,9.453036549172996,0.13,-0.26,-4.850213420524322,3.368887179078948,-22.054284585594605,10.640063273777354,0,0,0,0,1,0,0,1,0,0,0,0,0,0,0,0,0,0,0,0,0,1,2023-01-24 15:19:00
2023-01-23,NIFTY,PriceBreakEMADownward,SIG_1,1,-1,1674449640,1674453240.0,18148.8,18136.9,11.9,0.0,Monday,1,SPOT,0,SHORT,18094.3536,18162.6,18094.3536,18162.6,60.0,1,TC,1674449640,True,INSIDE_VA,3,18148.8,1.0,0.17,0.15,0.09,0.35,0.1896,-0.7306,0.67,0.8,0.52,0.6149,-0.0949,0.76,0.47,1.6748,0.4365,48.79999999999927,1,0,1,0,0,0,0,1,0,1,0,0,0,0,0,0,0,0,0,0,0,0,0,1,0,1,1,1,1,1,1,1,1,0.09,0.23,0.68,-1,0.63,0.22,0.39,0.39,0.89,-1,0.0,-0.46,1,1,1,1,1,4533.131250000336,37.7760937500028,6.347794892716918,0.0,0.7,5.312842930108283,0.0,26.46215625000146,0.0,1,0,0,0,0,1,0,1,0,0,0,0,0,0,0,0,0,0,0,0,0,1,2023-01-23 10:24:00
2023-01-23,NIFTY,PriceBreakEMADownward,SIG_2,1,-1,1674464940,1674467940.0,18111.0,18104.95,6.05,0.0,Monday,1,SPOT,0,SHORT,18056.667,18136.35,18056.667,18136.35,50.0,1,TC,1674464940,True,INSIDE_VA,11,18111.0,1.0,0.17,0.01,0.01,0.02,0.1075,-0.5257,0.87,0.95,0.47,0.5485,-0.0785,0.71,0.39,1.3635,0.3385,11.0,0,0,0,0,0,0,0,0,0,0,0,1,0,0,0,0,0,0,0,0,0,0,0,1,0,1,1,1,1,1,1,1,1,0.09,0.23,0.68,-1,0.63,0.22,0.39,0.39,0.89,-1,0.0,-0.46,1,1,1,1,1,9170.912500000337,76.42427083333614,9.02879960029157,0.0,0.16,3.594350505384403,0.0,12.111895833334794,0.0,0,0,1,0,0,0,0,0,0,1,0,0,0,0,0,0,0,0,0,0,0,1,2023-01-23 14:39:00
2023-01-20,NIFTY,PriceBreakEMADownward,SIG_1,1,-1,1674192240,1674195840.0,18129.9,18097.0,32.9,0.0,Friday,1,SPOT,0,SHORT,18075.5103,18145.45,18075.5103,18145.45,60.0,1,TC,1674192240,True,INSIDE_VA,4,18129.9,0.0,0.16,0.09,0.05,0.21,-0.0053,-0.0251,0.68,0.68,0.54,0.5394,0.0006,0.57,0.51,4.4425,0.5362,29.900000000001455,0,0,0,0,0,0,0,0,0,0,1,0,0,0,0,0,0,0,0,0,0,0,0,1,1,1,1,1,0,0,1,0,1,0.22,0.39,0.39,-1,1.0,0.28,0.13,0.59,0.6,1,0.0,-0.39,0,0,1,0,1,3966.087500000211,33.050729166668425,5.937517251437084,0.09,0.45,3.9666054402808766,1.8296135454186542,14.75058629893673,3.1382678677307045,0,0,0,0,0,0,0,0,1,0,0,0,0,0,0,0,0,0,0,0,0,1,2023-01-20 10:54:00
2023-01-19,NIFTY,PriceBreakEMADownward,SIG_1,1,-1,1674107640,1674111240.0,18115.15,18129.4,-14.25,0.0,Thursday,1,SPOT,0,SHORT,18060.80455,18155.2,18060.80455,18155.2,60.0,1,TC,1674107640,True,BELOW_VA,5,18115.15,1.0,-0.09,0.06,0.04,0.11,-0.0511,-0.088,0.99,0.98,0.49,0.518,-0.028,0.69,0.35,0.3991,-0.0472,15.150000000001455,0,0,0,0,0,1,0,0,0,0,0,0,0,0,0,0,0,0,0,0,0,0,0,0,0,1,0,1,1,0,0,0,0,0.28,0.13,0.59,1,0.26,0.19,0.09,0.72,0.21,1,0.0001,1.02,1,0,0,1,0,6435.226250000174,53.62688541666812,7.563201115342144,0.09,0.16,2.9936392563198737,2.205528811046075,8.401758747168193,4.560335002832168,0,0,0,1,0,0,0,0,0,0,0,0,0,0,0,0,0,0,0,0,0,1,2023-01-19 11:24:00
2023-01-18,NIFTY,PriceBreakEMADownward,SIG_1,1,-1,1674017340,1674020280.0,18112.5,18133.15,-20.65,-0.0,Wednesday,1,SPOT,0,SHORT,18058.1625,18131.9,18058.1625,18131.9,60.0,1,IS,1674017340,True,GAP_UP,3,18112.5,1.0,0.28,0.17,0.12,0.35,-0.0484,0.1,0.56,0.5,0.58,0.5607,0.0193,0.61,0.52,4.6021,0.5693,12.5,0,0,0,0,0,0,0,0,0,0,0,0,0,0,0,0,0,0,0,0,0,0,0,1,0,0,1,0,1,0,0,0,0,0.19,0.09,0.72,1,0.88,0.19,0.08,0.73,0.83,-1,0.0,0.84,1,0,1,1,0,5959.51250000027,49.66260416666891,7.278285817721564,0.0,0.64,5.841734902121687,0.0,31.993000000000013,0.0,0,0,0,0,0,0,0,0,0,0,0,0,0,0,0,0,0,0,0,0,0,1,2023-01-18 10:19:00
2023-01-18,NIFTY,PriceBreakEMADownward,SIG_2,1,-1,1674024540,1674028140.0,18164.8,18153.6,11.2,0.0,Wednesday,1,SPOT,0,SHORT,18110.3056,18177.45,18110.3056,18177.45,60.0,1,TC,1674024540,True,GAP_UP,7,18164.8,0.33,0.28,0.13,0.08,0.29,0.0417,-0.3032,0.91,0.96,0.54,0.587,-0.047,0.71,0.47,1.6421,0.4425,-35.20000000000073,1,0,0,0,0,0,0,0,0,0,0,0,0,0,0,0,0,0,0,0,0,0,0,1,0,0,1,0,1,0,0,0,0,0.19,0.09,0.72,1,0.88,0.19,0.08,0.73,0.83,-1,0.0,0.84,1,0,1,1,0,9005.19500000029,75.04329166666909,8.946852953848094,0.0,0.68,7.398972901693846,0.0,51.32324999999985,0.0,0,0,0,0,0,0,0,0,0,0,0,0,0,0,0,0,0,0,0,0,0,1,2023-01-18 12:19:00
2023-01-18,NIFTY,PriceBreakEMADownward,SIG_3,1,-1,1674029940,1674033300.0,18165.3,18183.0,-17.7,0.0,Wednesday,1,SPOT,0,SHORT,18110.804099999998,18180.4,18110.804099999998,18180.4,60.0,1,IS,1674029940,True,GAP_UP,10,18165.3,0.2,0.28,0.07,0.04,0.17,0.0289,-0.2921,0.95,0.99,0.45,0.4996,-0.0496,0.65,0.35,1.3589,0.3133,-34.70000000000073,0,0,0,0,0,0,0,0,0,0,0,0,0,0,0,0,0,0,0,0,0,0,0,1,0,0,1,0,1,0,0,0,0,0.19,0.09,0.72,1,0.88,0.19,0.08,0.73,0.83,-1,0.0,0.84,1,0,1,1,0,9952.096250000268,82.9341354166689,9.405481262422468,0.0,0.62,7.390649497845209,0.0,51.207843749999675,0.0,0,0,0,0,0,0,0,0,0,0,0,0,0,0,0,0,0,0,0,0,0,1,2023-01-18 13:49:00
2023-01-18,NIFTY,PriceBreakEMADownward,SIG_4,1,-1,1674033840,1674035940.0,18165.25,18163.8,1.45,0.0,Wednesday,1,SPOT,0,SHORT,18110.754249999998,18183.75,18110.754249999998,18183.75,35.0,1,TC,1674033840,True,GAP_UP,12,18165.25,0.16,0.28,0.05,0.03,0.13,-0.0227,-0.1603,0.99,0.99,0.45,0.4825,-0.0325,0.65,0.32,0.376,-0.1033,-34.75,1,0,0,0,0,0,0,0,0,0,0,0,0,0,0,0,0,0,0,0,0,0,0,1,0,0,1,0,1,0,0,0,0,0.19,0.09,0.72,1,0.88,0.19,0.08,0.73,0.83,-1,0.0,0.84,1,0,1,1,0,11784.05750000021,98.20047916666842,10.234606869722922,0.05,0.5,7.211010461102445,2.2683903536512244,48.74875487824584,4.823995121754306,0,0,0,0,0,0,0,0,0,0,0,0,0,0,0,0,0,0,0,0,0,1,2023-01-18 14:54:00
2023-01-17,NIFTY,PriceBreakEMADownward,SIG_1,1,-1,1673931240,1673931780.0,18001.35,18025.05,-23.7,-0.0,Tuesday,1,SPOT,0,SHORT,17947.34595,18020.0,17947.34595,18020.0,60.0,1,IS,1673931240,True,INSIDE_VA,3,18001.35,1.0,0.42,0.28,0.27,0.3,0.1748,-0.5483,0.05,0.1,0.62,0.697,-0.077,0.76,0.63,3.2232,0.6106,1.3499999999985448,2,0,0,0,0,0,0,1,0,0,0,0,0,0,0,0,0,0,0,0,0,0,0,0,0,1,1,0,1,0,0,1,0,0.19,0.08,0.73,-1,0.74,0.41,0.22,0.37,0.65,1,0.0019,0.43,1,0,0,1,0,8116.681250000082,67.63901041666735,8.49401423225665,0.0,0.99,8.465831323620908,0.0,67.19090625000086,0.0,0,0,0,0,0,1,0,0,0,0,0,0,0,0,0,0,0,0,0,0,0,1,2023-01-17 10:24:00
2023-01-17,NIFTY,PriceBreakEMADownward,SIG_2,1,-1,1673945940,1673946360.0,17985.05,18005.8,-20.75,-0.0,Tuesday,1,SPOT,0,SHORT,17931.094849999998,18001.65,17931.094849999998,18001.65,60.0,1,IS,1673945940,True,INSIDE_VA,11,17985.05,1.0,0.42,0.07,0.08,0.05,0.0478,-0.3169,0.9,0.96,0.5,0.5564,-0.0564,0.7,0.41,1.7158,0.4173,-14.950000000000728,1,0,0,0,0,0,0,0,0,0,0,0,0,0,0,0,0,0,0,0,0,0,0,1,0,1,1,0,1,0,0,1,0,0.19,0.08,0.73,-1,0.74,0.41,0.22,0.37,0.65,1,0.0019,0.43,1,0,0,1,0,18147.156249999818,151.22630208333183,12.70071082875104,0.14,0.31,7.107397273184911,4.785771638156866,47.35790249894653,21.47213453679999,0,0,0,0,0,1,0,0,0,0,0,0,0,0,0,0,0,0,0,0,0,1,2023-01-17 14:29:00
2023-01-17,NIFTY,PriceBreakEMADownward,SIG_3,1,-1,1673947740,1673947800.0,17997.75,18034.65,-36.9,-0.0,Tuesday,1,SPOT,0,SHORT,17943.75675,18014.95,17943.75675,18014.95,30.0,1,IS,1673947740,True,INSIDE_VA,12,17997.75,1.0,0.42,0.07,0.08,0.03,0.0551,-0.3336,0.89,0.95,0.49,0.5403,-0.0503,0.68,0.4,1.7605,0.4047,-2.25,2,0,0,0,0,0,0,1,0,0,0,0,0,0,0,0,0,0,0,0,0,0,0,1,0,1,1,0,1,0,0,1,0,0.19,0.08,0.73,-1,0.74,0.41,0.22,0.37,0.65,1,0.0019,0.43,1,0,0,1,0,18652.1624999998,155.43468749999832,12.876218388952488,0.16,0.31,7.1528044828547515,5.171560561954217,47.964948721825344,25.073473730587693,0,0,0,0,0,1,0,0,0,0,0,0,0,0,0,0,0,0,0,0,0,1,2023-01-17 14:59:00
2023-01-16,NIFTY,PriceBreakEMADownward,SIG_1,1,-1,1673856540,1673857800.0,17915.75,17854.95,60.8,0.0,Monday,1,SPOT,0,SHORT,17862.00275,17944.3,17862.00275,17944.3,60.0,1,IT,1673856540,True,GAP_UP,9,17915.75,0.36,-0.12,-0.05,0.0,-0.19,0.0729,-0.4201,0.9,0.97,0.45,0.5123,-0.0623,0.67,0.35,1.3973,0.3204,15.75,0,0,0,0,0,0,0,0,0,0,0,0,0,0,0,0,0,0,0,0,0,0,0,1,0,0,1,0,1,0,0,1,0,0.41,0.22,0.37,1,0.76,0.55,0.14,0.31,0.93,-1,0.0,0.73,1,1,1,1,1,12904.353749999696,107.53628124999747,10.710059134601638,0.12,-0.33,-6.1529492545461215,3.7833378815927645,-35.49261049595595,13.4190426809014,0,0,0,0,0,0,0,0,0,0,0,0,0,0,0,0,0,0,0,0,0,1,2023-01-16 13:39:00
2023-01-13,NIFTY,PriceBreakEMADownward,SIG_1,1,-1,1673587740,1673589120.0,17811.8,17835.6,-23.8,-0.0,Friday,1,SPOT,0,SHORT,17758.3646,17833.9,17758.3646,17833.9,60.0,1,IS,1673587740,True,ABOVE_VA,4,17811.8,1.0,-0.17,-0.09,-0.05,-0.21,0.1436,-0.6326,0.8,0.89,0.43,0.5106,-0.0806,0.69,0.33,1.3808,0.3023,11.799999999999272,0,0,0,0,0,0,1,0,0,0,0,0,0,0,0,0,0,0,0,0,0,0,0,0,1,1,1,1,0,1,0,0,1,0.55,0.14,0.31,-1,0.66,0.43,0.34,0.23,0.8,-1,0.0,-0.2,0,1,1,1,1,5951.9687499993,49.5997395833275,7.273677810357197,0.19,-0.13,-2.6701586779482622,3.1737793591038166,-6.68413815508351,9.443320706506341,0,0,0,0,1,0,1,0,0,0,0,0,0,0,0,0,0,0,0,0,0,1,2023-01-13 10:59:00
2023-01-13,NIFTY,PriceBreakEMADownward,SIG_2,1,-1,1673588940,1673589120.0,17821.75,17835.6,-13.85,-0.0,Friday,1,SPOT,0,SHORT,17768.28475,17835.0,17768.28475,17835.0,60.0,1,IS,1673588940,True,ABOVE_VA,5,17821.75,1.0,-0.17,-0.07,-0.04,-0.17,0.237,-0.9052,0.66,0.79,0.41,0.5151,-0.1051,0.69,0.34,1.3987,0.2824,21.75,0,0,0,0,0,0,1,0,1,0,0,0,0,0,0,0,0,0,0,0,0,0,0,0,1,1,1,1,0,1,0,0,1,0.55,0.14,0.31,-1,0.66,0.43,0.34,0.23,0.8,-1,0.0,-0.2,0,1,1,1,1,6255.654999999246,52.13045833332705,7.456931153109537,0.21,-0.11,-2.4681459621074917,3.4255373123717967,-5.711010459625797,11.00091176104818,0,0,0,0,1,0,1,0,0,0,0,0,0,0,0,0,0,0,0,0,0,1,2023-01-13 11:19:00
2023-01-13,NIFTY,PriceBreakEMADownward,SIG_3,1,-1,1673597040,1673597580.0,17955.25,17981.05,-25.8,0.0,Friday,1,SPOT,0,SHORT,17901.38425,17976.4,17901.38425,17976.4,60.0,1,IS,1673597040,True,ABOVE_VA,9,17955.25,0.57,-0.17,0.09,0.07,0.12,0.1235,-0.5394,0.8,0.9,0.5,0.5736,-0.0736,0.72,0.42,1.6833,0.414,-44.75,0,0,1,0,0,0,0,0,0,0,0,0,0,0,1,0,0,0,0,0,0,0,0,1,1,1,1,1,1,1,1,1,1,0.55,0.14,0.31,-1,0.66,0.43,0.34,0.23,0.8,-1,0.0,-0.2,0,1,1,1,1,19709.71374999962,164.24761458333018,13.236217569817752,0.22,0.47,9.047618739526019,6.240105919673919,76.74319205233347,36.50523927070264,1,0,0,0,0,0,0,0,0,0,0,0,1,0,0,0,0,0,0,0,0,1,2023-01-13 13:34:00
2023-01-13,NIFTY,PriceBreakEMADownward,SIG_4,1,-1,1673600040,1673603640.0,17968.45,17962.95,5.5,0.0,Friday,1,SPOT,0,SHORT,17914.54465,17999.35,17914.54465,17999.35,60.0,1,TC,1673600040,True,ABOVE_VA,11,17968.45,0.47,-0.17,0.09,0.06,0.17,0.1372,-0.5935,0.8,0.9,0.49,0.5721,-0.0821,0.73,0.41,1.5516,0.3892,-31.549999999999272,1,0,0,0,0,0,0,1,0,0,0,0,0,0,1,0,0,0,0,0,0,0,0,1,1,1,1,1,1,1,1,1,1,0.55,0.14,0.31,-1,0.66,0.43,0.34,0.23,0.8,-1,0.0,-0.2,0,1,1,1,1,21526.133749999506,179.38444791666254,13.832693559502673,0.2,0.46,9.337254198474655,6.240105919673919,81.7352962189993,36.50523927070264,0,0,0,0,0,1,0,0,0,0,0,0,1,0,0,0,0,0,0,0,0,1,2023-01-13 14:24:00
2023-01-12,NIFTY,PriceBreakEMADownward,SIG_1,1,-1,1673507340,1673508120.0,17820.7,17835.4,-14.7,-0.0,Thursday,1,SPOT,0,SHORT,17767.2379,17835.2,17767.2379,17835.2,60.0,1,IS,1673507340,True,INSIDE_VA,7,17820.7,0.0,-0.31,-0.1,-0.08,-0.18,0.1059,-0.5745,0.89,0.97,0.46,0.5413,-0.0813,0.75,0.33,0.8128,0.1714,20.700000000000728,0,1,0,1,0,0,0,0,0,0,0,0,0,0,0,0,0,0,0,0,0,0,0,0,1,1,1,1,0,1,1,0,1,0.43,0.34,0.23,-1,0.79,0.26,0.0,0.74,0.45,-1,0.0,-0.14,0,1,1,1,1,10624.515000000145,88.53762500000121,9.718031350707541,0.06,-0.44,-6.430405549104604,2.4658899975533157,-38.76573330558308,5.7005751375313976,0,1,0,0,0,0,0,0,0,0,0,0,0,0,0,0,0,0,0,0,0,1,2023-01-12 12:39:00
2023-01-12,NIFTY,PriceBreakEMADownward,SIG_2,1,-1,1673509440,1673510700.0,17824.15,17770.1,54.05,-0.0,Thursday,1,SPOT,0,SHORT,17770.67755,17849.45,17770.67755,17849.45,60.0,1,IT,1673509440,True,INSIDE_VA,8,17824.15,0.0,-0.31,-0.08,-0.06,-0.16,0.114,-0.6095,0.89,0.97,0.47,0.5673,-0.0973,0.77,0.36,0.7747,0.1731,24.150000000001455,0,1,0,1,0,0,0,0,0,0,0,0,0,0,0,0,0,0,0,0,0,0,0,0,1,1,1,1,0,1,1,0,1,0.43,0.34,0.23,-1,0.79,0.26,0.0,0.74,0.45,-1,0.0,-0.14,0,1,1,1,1,11824.112500000161,98.53427083333467,10.251986257414886,0.12,-0.39,-6.387584925250395,3.6135895421535227,-38.251163603705706,12.241902542963723,0,1,0,0,0,0,0,0,0,0,0,0,0,0,0,0,0,0,0,0,0,1,2023-01-12 13:14:00
2023-01-12,NIFTY,PriceBreakEMADownward,SIG_3,1,-1,1673514240,1673516340.0,17828.1,17864.55,-36.45,-0.0,Thursday,1,SPOT,0,SHORT,17774.6157,17862.2,17774.6157,17862.2,55.0,1,IS,1673514240,True,INSIDE_VA,11,17828.1,0.0,-0.31,-0.07,-0.05,-0.12,0.0335,-0.3701,0.96,1.0,0.53,0.5932,-0.0632,0.8,0.39,0.5974,0.1363,28.099999999998545,0,1,0,1,0,0,0,0,0,0,0,0,0,0,0,0,0,0,0,0,0,0,0,0,1,1,1,1,0,1,1,0,1,0.43,0.34,0.23,-1,0.79,0.26,0.0,0.74,0.45,-1,0.0,-0.14,0,1,1,1,1,19751.813750000118,164.59844791666765,13.250346326710817,0.3,-0.19,-5.779067101697539,7.2045504123388735,-31.310265530552623,48.66144997868646,0,1,0,0,0,0,0,0,0,0,0,0,0,0,0,0,0,0,0,0,0,1,2023-01-12 14:34:00
2023-01-11,NIFTY,PriceBreakEMADownward,SIG_1,1,-1,1673413740,1673414760.0,17951.7,17888.55,63.15,0.0,Wednesday,1,SPOT,0,SHORT,17897.8449,17976.35,17897.8449,17976.35,60.0,1,IT,1673413740,True,INSIDE_VA,3,17951.7,0.0,0.14,0.1,0.04,0.25,0.1034,-0.5687,0.9,0.97,0.51,0.5898,-0.0798,0.79,0.39,0.7499,0.1929,-48.29999999999927,0,0,0,0,0,0,0,0,0,0,0,0,0,0,0,0,0,0,0,0,0,0,0,0,1,1,1,1,0,1,0,0,0,0.26,0.0,0.74,-1,0.7,0.08,0.25,0.67,0.9,1,0.0,-0.86,1,1,1,1,1,14396.783750000151,119.97319791666793,11.312444966103149,0.0,0.43,7.455681651525119,0.0,52.11298958333281,0.0,0,0,0,0,0,0,0,0,0,0,0,0,0,0,0,0,0,0,0,0,0,1,2023-01-11 10:39:00
2023-01-11,NIFTY,PriceBreakEMADownward,SIG_2,1,-1,1673420640,1673423100.0,17907.65,17924.8,-17.15,0.0,Wednesday,1,SPOT,0,SHORT,17853.927050000002,17921.05,17853.927050000002,17921.05,60.0,1,IS,1673420640,True,INSIDE_VA,7,17907.65,0.8,0.14,-0.01,-0.01,0.0,0.1437,-0.6815,0.85,0.94,0.46,0.5573,-0.0973,0.75,0.36,0.9181,0.217,7.650000000001455,0,0,0,0,0,0,1,0,0,0,0,0,0,0,0,0,0,0,0,0,0,0,0,0,1,1,1,1,0,1,0,0,0,0.26,0.0,0.74,-1,0.7,0.08,0.25,0.67,0.9,1,0.0,-0.86,1,1,1,1,1,21530.298750000202,179.4191562500017,13.834031709278939,0.17,0.17,5.6327008498637525,5.675179272493913,29.744361435052348,30.19468103901051,0,0,0,0,1,0,0,0,0,0,0,0,0,0,0,0,0,0,0,0,0,1,2023-01-11 12:34:00
2023-01-11,NIFTY,PriceBreakEMADownward,SIG_3,1,-1,1673424240,1673427840.0,17916.3,17905.45,10.85,0.0,Wednesday,1,SPOT,0,SHORT,17862.5511,17928.5,17862.5511,17928.5,60.0,1,TC,1673424240,True,INSIDE_VA,9,17916.3,0.86,0.14,-0.01,-0.02,0.03,0.0737,-0.522,0.94,0.99,0.49,0.5696,-0.0796,0.8,0.34,0.7125,0.1598,16.299999999999272,1,0,0,0,0,0,1,0,0,0,0,0,0,0,0,0,0,0,0,0,0,0,0,0,1,1,1,1,0,1,0,0,0,0.26,0.0,0.74,-1,0.7,0.08,0.25,0.67,0.9,1,0.0,-0.86,1,1,1,1,1,23018.671250000036,191.82226041666698,14.304209559116206,0.22,0.15,5.630399405727255,6.665639524291867,29.720060126262958,41.6538283760643,0,0,0,0,1,0,0,0,0,0,0,0,0,0,0,0,0,0,0,0,0,1,2023-01-11 13:34:00
2023-01-11,NIFTY,PriceBreakEMADownward,SIG_4,1,-1,1673429640,1673431140.0,17904.65,17890.2,14.45,0.0,Wednesday,1,SPOT,0,SHORT,17850.93605,17939.7,17850.93605,17939.7,25.0,1,TC,1673429640,True,INSIDE_VA,12,17904.65,0.9,0.14,-0.01,-0.03,0.02,0.0354,-0.3779,0.96,1.0,0.54,0.5994,-0.0594,0.81,0.39,0.606,0.1498,4.650000000001455,0,0,0,0,0,0,0,0,0,0,0,0,0,0,0,0,0,0,0,0,0,0,0,0,1,1,1,1,0,1,0,0,0,0.26,0.0,0.74,-1,0.7,0.08,0.25,0.67,0.9,1,0.0,-0.86,1,1,1,1,1,27766.951249999747,231.39126041666455,15.710421523448764,0.33,0.13,5.57726186893312,9.061783466355397,29.161734332489395,76.98367461666753,0,0,0,0,1,0,0,0,0,0,0,0,0,0,0,0,0,0,0,0,0,1,2023-01-11 15:04:00
2023-01-10,NIFTY,PriceBreakEMADownward,SIG_1,1,-1,1673333640,1673333940.0,17948.1,17967.1,-19.0,0.0,Tuesday,1,SPOT,0,SHORT,17894.255699999998,17963.9,17894.255699999998,17963.9,60.0,1,IS,1673333640,True,ABOVE_VA,7,17948.1,0.22,-0.28,-0.14,-0.11,-0.23,0.0166,-0.2893,0.96,0.99,0.52,0.563,-0.043,0.74,0.39,0.4415,0.0177,48.099999999998545,0,1,0,0,0,0,0,0,0,0,0,0,0,0,0,0,0,0,0,0,0,0,0,1,1,1,1,1,1,0,1,1,0,0.08,0.25,0.67,1,0.54,0.27,0.16,0.57,0.44,-1,0.0,0.92,1,0,1,1,0,7549.3037499996735,62.910864583330614,8.191759409444305,0.02,-0.52,-5.918892287071306,1.1387969698288525,-32.843705536830186,1.2158048798356653,0,0,0,0,0,0,0,0,0,0,0,0,0,0,0,0,0,0,0,0,0,1,2023-01-10 12:24:00
2023-01-10,NIFTY,PriceBreakEMADownward,SIG_2,1,-1,1673334540,1673335740.0,17938.8,17881.4,57.4,0.0,Tuesday,1,SPOT,0,SHORT,17884.9836,17974.7,17884.9836,17974.7,60.0,1,IT,1673334540,True,ABOVE_VA,7,17938.8,0.2,-0.28,-0.12,-0.1,-0.18,0.048,-0.3584,0.94,0.99,0.5,0.5568,-0.0568,0.72,0.39,1.2562,0.3465,38.79999999999927,0,1,0,1,0,0,0,0,0,0,0,0,0,0,0,0,0,0,0,0,0,0,0,1,1,1,1,1,1,0,1,1,0,0.08,0.25,0.67,1,0.54,0.27,0.16,0.57,0.44,-1,0.0,0.92,1,0,1,1,0,8066.239999999717,67.2186666666643,8.467580003230474,0.04,-0.47,-5.782857353031757,1.5983410674255951,-31.35134921766887,2.3950257823304915,0,1,0,0,0,0,0,0,0,0,0,0,0,0,0,0,0,0,0,0,0,1,2023-01-10 12:39:00
2023-01-09,NIFTY,PriceBreakEMADownward,SIG_1,1,-1,1673242440,1673242980.0,18085.4,18103.65,-18.25,-0.0,Monday,1,SPOT,0,SHORT,18031.1438,18101.2,18031.1438,18101.2,60.0,1,IS,1673242440,True,INSIDE_VA,4,18085.4,0.25,0.41,0.22,0.17,0.38,0.1427,-0.4759,0.3,0.44,0.54,0.604,-0.064,0.65,0.56,3.0742,0.5265,-14.599999999998545,0,0,0,0,0,0,0,0,0,0,0,0,0,0,0,0,0,0,0,0,0,0,0,1,0,1,1,0,1,0,1,1,1,0.27,0.16,0.57,-1,0.61,0.47,0.08,0.45,0.68,-1,0.0,-0.45,0,1,1,1,1,7407.659999999785,61.73049999999821,8.11454660881708,0.0,0.88,7.615116545398293,0.0,54.36562499999891,0.0,0,0,0,0,0,0,0,0,0,0,0,0,0,0,0,0,0,0,0,0,0,1,2023-01-09 11:04:00
2023-01-09,NIFTY,PriceBreakEMADownward,SIG_2,1,-1,1673245740,1673246700.0,18126.15,18140.85,-14.7,0.0,Monday,1,SPOT,0,SHORT,18071.77155,18140.55,18071.77155,18140.55,60.0,1,IS,1673245740,True,INSIDE_VA,6,18126.15,0.14,0.41,0.24,0.19,0.39,0.1174,-0.4629,0.69,0.81,0.62,0.6798,-0.0598,0.78,0.58,2.2781,0.5763,26.150000000001455,1,0,0,0,0,0,0,1,0,0,0,0,0,0,0,0,0,0,0,0,0,0,0,1,0,1,1,0,1,0,1,1,1,0.27,0.16,0.57,-1,0.61,0.47,0.08,0.45,0.68,-1,0.0,-0.45,0,1,1,1,1,9291.011249999738,77.42509374999781,9.087726154911598,0.0,0.9,8.644703580805903,0.0,70.06021874999851,0.0,0,0,0,0,0,1,0,0,0,0,0,0,0,0,0,0,0,0,0,0,0,1,2023-01-09 11:59:00
2023-01-09,NIFTY,PriceBreakEMADownward,SIG_3,1,-1,1673256240,1673256600.0,18059.9,18092.0,-32.1,-0.0,Monday,1,SPOT,0,SHORT,18005.7203,18078.0,18005.7203,18078.0,35.0,1,IS,1673256240,True,INSIDE_VA,12,18059.9,0.42,0.41,0.05,0.03,0.14,0.1073,-0.484,0.82,0.92,0.57,0.6334,-0.0634,0.77,0.5,1.7584,0.4864,-40.099999999998545,0,0,1,0,1,0,0,0,0,1,0,0,0,0,0,0,0,0,0,0,0,0,0,1,0,1,1,0,1,0,1,1,1,0.27,0.16,0.57,-1,0.61,0.47,0.08,0.45,0.68,-1,0.0,-0.45,0,1,1,1,1,21101.106249999862,175.84255208333218,13.695451394126726,0.19,0.19,6.001834882184836,5.993225473419458,33.770645580947495,33.67382960179115,0,0,1,0,0,0,0,1,0,0,0,0,0,0,0,0,0,0,0,0,0,1,2023-01-09 14:54:00
2023-01-09,NIFTY,PriceBreakEMADownward,SIG_4,1,-1,1673258340,,18089.65,,0.0,0.0,Monday,1,SPOT,0,SHORT,18035.38105,18115.7,18035.38105,18115.7,0.0,1,,1673258340,,INSIDE_VA,13,18089.65,0.38,0.41,0.07,0.03,0.16,0.1028,-0.468,0.83,0.92,0.56,0.6224,-0.0624,0.76,0.49,1.7873,0.4785,-10.349999999998545,0,0,0,0,0,0,0,0,0,0,0,0,0,0,0,0,0,0,0,0,0,0,0,1,0,1,1,0,1,0,1,1,1,0.27,0.16,0.57,-1,0.61,0.47,0.08,0.45,0.68,-1,0.0,-0.45,0,1,1,1,1,23537.331249999894,196.14442708333246,14.464464118045345,0.24,0.2,6.440353455605381,7.1121263077511765,38.885768093557665,47.42094432881848,0,0,0,0,0,0,0,0,0,0,0,0,0,0,0,0,0,0,0,0,0,1,2023-01-09 15:29:00
2023-01-06,NIFTY,PriceBreakEMADownward,SIG_1,1,-1,1672987140,1672989180.0,17933.35,17878.3,55.05,0.0,Friday,1,SPOT,0,SHORT,17879.549949999997,17948.75,17879.549949999997,17948.75,60.0,1,IT,1672987140,True,INSIDE_VA,6,17933.35,0.0,-0.16,-0.15,-0.06,-0.4,0.0769,-0.4158,0.89,0.96,0.47,0.5274,-0.0574,0.68,0.38,1.5609,0.3627,33.349999999998545,0,1,0,0,0,1,1,0,0,0,0,0,0,0,0,0,0,0,0,0,0,0,0,0,1,1,1,1,0,1,0,0,1,0.47,0.08,0.45,-1,0.44,0.04,0.06,0.9,0.45,-1,0.0,-0.58,0,1,1,1,1,13839.756250000342,115.33130208333618,11.091440643827951,0.16,-0.13,-3.9919416470761457,4.460758741851701,-14.939623231557198,18.65472051844347,0,0,0,1,0,0,0,0,0,0,0,0,0,0,0,0,0,0,0,0,0,1,2023-01-06 12:09:00
2023-01-06,NIFTY,PriceBreakEMADownward,SIG_2,1,-1,1672998840,1672999140.0,17854.0,17865.85,-11.85,-0.0,Friday,1,SPOT,0,SHORT,17800.438,17881.1,17800.438,17881.1,5.0,1,TC,1672998840,True,INSIDE_VA,13,17854.0,0.0,-0.16,-0.14,-0.08,-0.32,0.0303,-0.3023,0.95,1.0,0.49,0.5354,-0.0454,0.7,0.38,1.2939,0.3371,-46.0,0,0,0,0,0,0,0,0,0,0,0,0,0,0,0,0,0,0,0,0,0,0,0,0,1,1,1,1,0,1,0,0,1,0.47,0.08,0.45,-1,0.44,0.04,0.06,0.9,0.45,-1,0.0,-0.58,0,1,1,1,1,31390.09250000024,261.5841041666687,16.703982891647325,0.18,-0.28,-8.802360165044341,7.08134867091671,-72.63894794546196,47.011405311650485,0,0,0,0,0,0,0,0,0,0,0,0,0,0,0,0,0,0,0,0,0,1,2023-01-06 15:24:00
2023-01-04,NIFTY,PriceBreakEMADownward,SIG_1,1,-1,1672818540,1672819500.0,18071.8,18087.95,-16.15,0.0,Wednesday,1,SPOT,0,SHORT,18017.5846,18085.15,18017.5846,18085.15,60.0,1,IS,1672818540,True,INSIDE_VA,9,18071.8,0.23,-0.33,-0.14,-0.11,-0.22,0.0422,-0.3322,0.94,0.98,0.5,0.5537,-0.0537,0.72,0.39,1.3761,0.3694,-28.200000000000728,0,1,0,0,0,0,0,0,1,0,0,0,0,0,0,0,0,0,0,0,0,0,0,1,1,1,1,1,1,1,1,1,1,0.13,0.17,0.7,1,0.64,0.35,0.06,0.59,0.51,1,0.0,0.36,1,0,1,1,1,13237.526249999446,110.31271874999538,10.847437485415394,0.0,-0.63,-8.59807148919636,0.0,-69.30640624999812,0.0,0,0,0,0,0,0,1,0,0,0,0,0,0,0,0,0,0,0,0,0,0,1,2023-01-04 13:19:00
2023-01-04,NIFTY,PriceBreakEMADownward,SIG_2,1,-1,1672822440,1672823940.0,18090.6,18034.45,56.15,0.0,Wednesday,1,SPOT,0,SHORT,18036.3282,18131.4,18036.3282,18131.4,60.0,1,IT,1672822440,True,INSIDE_VA,11,18090.6,0.24,-0.33,-0.09,-0.08,-0.12,0.0371,-0.3,0.94,0.99,0.53,0.5726,-0.0426,0.72,0.42,1.5571,0.421,-9.400000000001455,0,0,0,0,0,0,0,0,1,0,0,0,0,0,0,0,0,0,0,0,0,0,0,1,1,1,1,1,1,1,1,1,1,0.13,0.17,0.7,1,0.64,0.35,0.06,0.59,0.51,1,0.0,0.36,1,0,1,1,1,17287.751249999314,144.0645937499943,12.396326068637993,0.08,-0.37,-7.498023180483764,3.528582260752942,-52.706579639129856,11.672711972719071,0,0,0,0,0,0,1,0,0,0,0,0,0,0,0,0,0,0,0,0,0,1,2023-01-04 14:24:00
2023-01-03,NIFTY,PriceBreakEMADownward,SIG_1,1,-1,1672721940,1672722360.0,18219.05,18237.05,-18.0,-0.0,Tuesday,1,SPOT,0,SHORT,18164.39285,18235.6,18164.39285,18235.6,60.0,1,IS,1672721940,True,INSIDE_VA,3,18219.05,1.0,0.25,0.1,0.02,0.35,0.0983,-0.3234,0.17,0.26,0.61,0.6499,-0.0399,0.7,0.6,3.5853,0.599,19.049999999999272,0,0,1,0,0,0,0,0,0,0,0,1,0,0,0,0,0,0,0,0,0,0,0,1,0,1,1,1,0,0,1,1,1,0.35,0.06,0.59,1,1.0,0.19,0.03,0.78,0.7,-1,0.0,-0.04,0,1,1,0,1,3666.92625000006,30.5577187500005,5.709194338958915,0.0,0.87,5.3100439420655645,0.0,26.4342812500005,0.0,1,0,0,0,0,0,0,0,0,1,0,0,0,0,0,0,0,0,0,0,0,1,2023-01-03 10:29:00
2023-01-03,NIFTY,PriceBreakEMADownward,SIG_2,1,-1,1672722840,1672724880.0,18223.15,18239.2,-16.05,-0.0,Tuesday,1,SPOT,0,SHORT,18168.48055,18238.95,18168.48055,18238.95,60.0,1,IS,1672722840,True,INSIDE_VA,3,18223.15,1.0,0.25,0.07,-0.01,0.33,0.1915,-0.6506,0.36,0.5,0.55,0.6294,-0.0794,0.72,0.54,2.5119,0.5211,23.150000000001455,1,0,1,0,0,0,0,0,0,0,0,1,0,0,0,0,0,0,0,0,0,0,0,1,0,1,1,1,1,0,1,1,1,0.35,0.06,0.59,1,1.0,0.19,0.03,0.78,0.7,-1,0.0,-0.04,0,1,1,0,1,3949.582499999937,32.913187499999474,5.92514978713614,0.0,0.87,5.541576189737547,0.0,28.789749999999476,0.0,1,0,0,0,0,0,0,0,0,1,0,0,0,0,0,0,0,0,0,0,0,1,2023-01-03 10:44:00
2023-01-03,NIFTY,PriceBreakEMADownward,SIG_3,1,-1,1672726140,1672728720.0,18230.55,18174.55,56.0,-0.0,Tuesday,1,SPOT,0,SHORT,18175.85835,18239.45,18175.85835,18239.45,60.0,1,IT,1672726140,True,INSIDE_VA,5,18230.55,0.67,0.25,0.04,-0.02,0.23,0.1941,-0.7903,0.74,0.85,0.4,0.509,-0.109,0.69,0.33,1.3112,0.265,30.549999999999272,1,0,0,0,0,0,0,0,0,0,0,0,0,0,0,0,0,0,0,0,0,0,0,1,0,1,1,1,1,0,1,1,1,0.35,0.06,0.59,1,1.0,0.19,0.03,0.78,0.7,-1,0.0,-0.04,0,1,1,0,1,4396.753749999939,36.63961458333282,6.251580244670544,0.0,0.8,5.577883907799499,0.0,29.168239583333065,0.0,0,0,0,0,0,0,0,0,0,0,0,0,0,0,0,0,0,0,0,0,0,1,2023-01-03 11:39:00
2023-01-03,NIFTY,PriceBreakEMADownward,SIG_4,1,-1,1672735440,1672735800.0,18205.45,18228.55,-23.1,-0.0,Tuesday,1,SPOT,0,SHORT,18150.83365,18225.1,18150.83365,18225.1,60.0,1,IS,1672735440,True,INSIDE_VA,10,18205.45,0.88,0.25,0.0,-0.03,0.1,0.1252,-0.5572,0.81,0.91,0.49,0.5632,-0.0732,0.72,0.41,1.5625,0.3847,5.450000000000728,0,0,1,0,0,0,0,0,0,0,0,1,0,0,0,0,0,0,0,0,0,0,0,1,0,1,1,1,1,0,1,1,1,0.35,0.06,0.59,1,1.0,0.19,0.03,0.78,0.7,-1,0.0,-0.04,0,1,1,0,1,8377.068749999848,69.80890624999873,8.629184975032809,0.04,0.3,4.701907839044566,1.7779407675118561,20.726191243939443,2.963506286981857,1,0,0,0,0,0,0,0,0,1,0,0,0,0,0,0,0,0,0,0,0,1,2023-01-03 14:14:00
2023-01-03,NIFTY,PriceBreakEMADownward,SIG_5,1,-1,1672738140,1672739940.0,18231.65,18234.3,-2.65,-0.0,Tuesday,1,SPOT,0,SHORT,18176.95505,18251.95,18176.95505,18251.95,30.0,1,TC,1672738140,True,INSIDE_VA,12,18231.65,0.79,0.25,0.01,-0.02,0.1,0.1222,-0.5428,0.82,0.91,0.47,0.5448,-0.0748,0.69,0.4,1.609,0.3755,31.650000000001455,1,0,0,0,0,0,0,0,0,0,0,0,0,0,0,0,0,0,0,0,0,0,0,1,0,1,1,1,1,0,1,1,1,0.35,0.06,0.59,1,1.0,0.19,0.03,0.78,0.7,-1,0.0,-0.04,0,1,1,0,1,10151.003749999769,84.59169791666474,9.499007550499282,0.11,0.34,5.561351042958727,3.179417617700084,28.995586334079487,9.476902863507824,0,0,0,0,0,0,0,0,0,0,0,0,0,0,0,0,0,0,0,0,0,1,2023-01-03 14:59:00
2023-01-02,NIFTY,PriceBreakEMADownward,SIG_1,1,-1,1672635540,1672636020.0,18156.75,18179.1,-22.35,-0.0,Monday,1,SPOT,0,SHORT,18102.27975,18173.85,18102.27975,18173.85,60.0,1,IS,1672635540,True,BELOW_VA,3,18156.75,1.0,0.25,0.14,0.13,0.15,0.273,-0.859,0.08,0.17,0.47,0.5707,-0.1007,0.65,0.49,2.7208,0.4475,-43.25,0,0,0,0,0,0,0,0,0,0,0,0,0,0,0,0,0,0,0,0,0,0,0,0,1,0,0,1,0,0,0,1,0,0.19,0.03,0.78,-1,0.81,0.22,0.1,0.68,0.63,1,0.0016,0.48,1,0,0,1,0,4321.912499999774,36.01593749999812,6.198144883753363,0.0,0.46,4.204455308889007,0.0,16.572604166667144,0.0,0,0,0,0,0,0,0,0,0,0,0,0,0,0,0,0,0,0,0,0,0,1,2023-01-02 10:29:00
2023-01-02,NIFTY,PriceBreakEMADownward,SIG_2,1,-1,1672638240,1672641840.0,18186.5,18190.65,-4.15,-0.0,Monday,1,SPOT,0,SHORT,18131.9405,18199.8,18131.9405,18199.8,60.0,1,TC,1672638240,True,BELOW_VA,4,18186.5,0.25,0.25,0.14,0.14,0.16,0.194,-0.7348,0.62,0.75,0.43,0.5188,-0.0888,0.67,0.36,1.7656,0.3504,-13.5,0,0,0,0,0,1,0,0,0,0,0,0,0,0,0,0,0,0,0,0,0,0,0,0,1,1,0,1,0,0,0,1,0,0.19,0.03,0.78,-1,0.81,0.22,0.1,0.68,0.63,1,0.0016,0.48,1,0,0,1,0,6923.962499999754,57.69968749999795,7.845147119929055,0.0,0.66,6.388018298171829,0.0,38.25635416666697,0.0,0,0,0,1,0,0,0,0,0,0,0,0,0,0,0,0,0,0,0,0,0,1,2023-01-02 11:14:00
2023-01-02,NIFTY,PriceBreakEMADownward,SIG_3,1,-1,1672642440,1672646040.0,18182.8,18186.55,-3.75,-0.0,Monday,1,SPOT,0,SHORT,18128.2516,18197.3,18128.2516,18197.3,60.0,1,TC,1672642440,True,BELOW_VA,7,18182.8,0.11,0.25,0.11,0.1,0.13,0.1711,-0.7532,0.81,0.91,0.38,0.4825,-0.1025,0.69,0.28,1.0531,0.1791,-17.200000000000728,0,0,0,0,0,1,0,0,0,0,0,0,0,0,0,0,0,0,0,0,0,0,0,0,1,1,0,1,0,0,0,1,0,0.19,0.03,0.78,-1,0.81,0.22,0.1,0.68,0.63,1,0.0016,0.48,1,0,0,1,0,7566.204999999813,63.051708333331774,8.20092406717401,0.0,0.6,6.333215788382868,0.0,37.60277083333315,0.0,0,0,0,1,0,0,0,0,0,0,0,0,0,0,0,0,0,0,0,0,0,1,2023-01-02 12:24:00
2022-12-30,NIFTY,PriceBreakEMADownward,SIG_1,1,-1,1672374840,1672378440.0,18234.25,18225.2,9.05,0.0,Friday,1,SPOT,0,SHORT,18179.54725,18259.05,18179.54725,18259.05,60.0,1,TC,1672374840,True,GAP_UP,2,18234.25,0.0,-0.07,0.0,-0.07,-0.06,,,,,,,,,,,,34.25,0,0,1,0,0,0,0,0,0,0,0,0,0,0,0,0,0,0,0,0,0,0,0,1,0,0,0,0,0,0,0,0,0,0.22,0.1,0.68,1,0.44,0.16,0.61,0.23,1.0,1,-0.0012,0.45,1,1,1,1,1,4172.712499999717,34.77260416666431,6.090219846423876,0.08,0.1,1.9571961735409245,1.7380728557215648,3.5912033078655337,2.8320911735588576,1,0,0,0,0,0,0,0,0,0,0,0,0,0,0,0,0,0,0,0,0,1,2022-12-30 10:04:00
2022-12-30,NIFTY,PriceBreakEMADownward,SIG_2,1,-1,1672377840,1672381440.0,18233.3,18205.5,27.8,0.0,Friday,1,SPOT,0,SHORT,18178.6001,18252.45,18178.6001,18252.45,60.0,1,TC,1672377840,True,GAP_UP,4,18233.3,1.0,-0.11,0.01,0.0,0.04,-0.0616,-0.1766,0.97,0.97,0.35,0.4034,-0.0534,0.69,0.12,0.6641,-0.005,33.29999999999927,0,0,1,0,0,0,0,0,0,0,0,0,0,0,0,0,0,0,0,0,0,0,0,1,0,0,0,0,0,0,0,0,0,0.22,0.1,0.68,1,0.44,0.16,0.61,0.23,1.0,1,-0.0012,0.45,1,1,1,1,1,5173.132499999805,43.10943749999838,6.781106104463951,0.21,0.08,1.8597420704021852,3.0920495952125537,3.2424755328973185,8.963222530550736,1,0,0,0,0,0,0,0,0,0,0,0,0,0,0,0,0,0,0,0,0,1,2022-12-30 10:54:00
2022-12-30,NIFTY,PriceBreakEMADownward,SIG_3,1,-1,1672385340,1672388940.0,18217.4,18170.35,47.05,0.0,Friday,1,SPOT,0,SHORT,18162.7478,18233.9,18162.7478,18233.9,60.0,1,TC,1672385340,True,GAP_UP,8,18217.4,0.73,-0.11,-0.02,-0.02,-0.03,0.0528,-0.4648,0.94,0.99,0.38,0.4526,-0.0726,0.7,0.21,0.7033,0.0419,17.400000000001455,0,0,0,0,0,0,0,0,0,0,0,0,0,0,0,0,0,0,0,0,0,0,0,1,0,0,0,0,1,0,0,0,0,0.22,0.1,0.68,1,0.44,0.16,0.61,0.23,1.0,1,-0.0012,0.45,1,1,1,1,1,7689.7074999999195,64.08089583333266,8.267584626452567,0.34,0.04,1.6023024234710852,4.800721309477358,2.406912240244981,21.606492273065626,1,0,0,0,0,0,0,0,0,0,0,0,0,0,0,0,0,0,0,0,0,1,2022-12-30 12:59:00
2022-12-29,NIFTY,PriceBreakEMADownward,SIG_1,1,-1,1672291440,1672294380.0,18016.25,18037.0,-20.75,-0.0,Thursday,1,SPOT,0,SHORT,17962.20125,18028.65,17962.20125,18028.65,60.0,1,IS,1672291440,True,GAP_DOWN,4,18016.25,1.0,-0.09,-0.04,-0.04,-0.04,-0.0026,-0.3329,0.96,0.98,0.47,0.5173,-0.0473,0.79,0.24,0.6834,0.12,16.25,0,1,0,0,0,0,0,0,0,0,1,0,0,0,1,0,0,0,0,0,0,0,0,0,1,0,0,0,0,1,1,0,1,0.16,0.61,0.23,1,0.77,0.67,0.08,0.25,0.44,1,0.0,0.27,1,0,1,1,0,4195.486250000263,34.96238541666886,6.106816773992278,0.1,-0.14,-2.2563252219622902,1.9686119008868643,-4.772815788059229,3.6332182652938068,0,0,0,0,0,0,0,0,1,0,0,0,1,0,0,0,0,0,0,0,0,1,2022-12-29 10:54:00
2022-12-29,NIFTY,PriceBreakEMADownward,SIG_2,1,-1,1672295940,1672299360.0,18029.0,18050.85,-21.85,-0.0,Thursday,1,SPOT,0,SHORT,17974.913,18050.15,17974.913,18050.15,60.0,1,IS,1672295940,True,GAP_DOWN,6,18029.0,1.0,-0.09,-0.01,0.01,-0.04,0.0456,-0.4342,0.95,0.99,0.39,0.4664,-0.0764,0.69,0.25,0.6756,0.0432,29.0,0,0,0,0,0,0,0,0,0,0,0,0,0,0,1,0,0,0,0,0,0,0,0,0,1,0,0,0,0,1,1,0,1,0.16,0.61,0.23,1,0.77,0.67,0.08,0.25,0.44,1,0.0,0.27,1,0,1,1,0,5332.6700000003175,44.438916666669314,6.884875533451126,0.17,-0.02,-1.0222696294953473,2.871510091489777,-0.9797204956767699,7.730222067682151,0,0,0,0,0,0,0,0,0,0,0,0,1,0,0,0,0,0,0,0,0,1,2022-12-29 12:09:00
2022-12-29,NIFTY,PriceBreakEMADownward,SIG_3,1,-1,1672300440,1672301460.0,18041.2,18053.95,-12.75,-0.0,Thursday,1,SPOT,0,SHORT,17987.0764,18053.8,17987.0764,18053.8,60.0,1,IS,1672300440,True,GAP_DOWN,9,18041.2,1.0,-0.09,0.0,0.01,0.0,0.0111,-0.27,0.97,1.0,0.44,0.4831,-0.0431,0.66,0.31,0.427,-0.0742,41.20000000000073,0,0,0,0,0,0,0,0,0,0,0,0,0,0,0,0,0,0,0,0,0,0,0,0,1,0,0,0,0,1,1,0,1,0.16,0.61,0.23,1,0.77,0.67,0.08,0.25,0.44,1,0.0,0.27,1,0,1,1,0,6873.821250000258,57.28184375000215,7.816689410059455,0.3,-0.0,-0.2543130076359195,4.264990256166409,-0.06063291173702557,17.05325801736976,0,0,0,0,0,0,0,0,0,0,0,0,0,0,0,0,0,0,0,0,0,1,2022-12-29 13:24:00
2022-12-29,NIFTY,PriceBreakEMADownward,SIG_4,1,-1,1672303740,1672304700.0,18078.25,18098.2,-19.95,-0.0,Thursday,1,SPOT,0,SHORT,18024.01525,18097.5,18024.01525,18097.5,60.0,1,IS,1672303740,True,GAP_DOWN,11,18078.25,0.82,-0.09,0.03,0.02,0.05,0.0189,-0.2742,0.96,0.99,0.48,0.5205,-0.0405,0.68,0.36,1.2,0.3056,-21.75,0,0,0,1,0,0,0,0,0,0,0,0,0,0,0,0,0,0,0,0,0,0,0,0,1,0,0,1,0,1,1,1,1,0.16,0.61,0.23,1,0.77,0.67,0.08,0.25,0.44,1,0.0,0.27,1,0,1,1,0,8940.553750000243,74.50461458333535,8.914683891697509,0.33,0.09,2.699306323249997,5.084763563623995,6.830863712566327,24.238894216835806,0,1,0,0,0,0,0,0,0,0,0,0,0,0,0,0,0,0,0,0,0,1,2022-12-29 14:19:00
2022-12-28,NIFTY,PriceBreakEMADownward,SIG_1,1,-1,1672202940,1672206540.0,18132.4,18138.7,-6.3,0.0,Wednesday,1,SPOT,0,SHORT,18078.002800000002,18146.8,18078.002800000002,18146.8,60.0,1,TC,1672202940,True,INSIDE_VA,3,18132.4,1.0,0.11,0.07,0.04,0.15,0.176,-0.6013,0.31,0.42,0.42,0.5057,-0.0857,0.6,0.42,2.5825,0.3956,32.400000000001455,0,0,0,0,0,0,0,0,0,0,0,0,0,0,0,0,0,0,0,0,0,0,0,1,0,1,1,0,1,0,0,0,0,0.67,0.08,0.25,1,0.64,0.18,0.24,0.58,0.38,1,0.0003,0.75,1,0,1,1,0,3491.968749999717,29.099739583330976,5.571330381714919,0.1,0.42,3.614787942392323,1.7321365478572774,12.250023626685865,2.8127784566464937,0,0,0,0,0,0,0,0,0,0,0,0,0,0,0,0,0,0,0,0,0,1,2022-12-28 10:19:00
2022-12-28,NIFTY,PriceBreakEMADownward,SIG_2,1,-1,1672207140,1672208760.0,18132.15,18144.3,-12.15,0.0,Wednesday,1,SPOT,0,SHORT,18077.75355,18141.75,18077.75355,18141.75,60.0,1,IS,1672207140,True,INSIDE_VA,5,18132.15,1.0,0.11,0.05,0.01,0.17,-0.0057,-0.2043,0.86,0.88,0.53,0.5634,-0.0334,0.77,0.36,1.267,0.3694,32.150000000001455,0,0,0,0,0,0,0,0,0,0,0,0,0,0,0,0,0,0,0,0,0,0,0,1,0,1,1,0,1,0,0,0,0,0.67,0.08,0.25,1,0.64,0.18,0.24,0.58,0.38,1,0.0003,0.75,1,0,1,1,0,5794.5387499996805,48.287822916664005,7.1768385178369645,0.19,0.14,2.6686443904254467,3.1523294008178886,6.676558952389878,9.316106860557063,1,0,0,0,0,0,0,0,0,0,0,0,0,0,0,0,0,0,0,0,0,1,2022-12-28 11:29:00
2022-12-28,NIFTY,PriceBreakEMADownward,SIG_3,1,-1,1672210440,1672214040.0,18131.0,18129.7,1.3,0.0,Wednesday,1,SPOT,0,SHORT,18076.607,18152.75,18076.607,18152.75,60.0,1,TC,1672210440,True,INSIDE_VA,7,18131.0,1.0,0.11,0.03,0.01,0.08,-0.0264,-0.216,0.97,0.98,0.5,0.5383,-0.0383,0.77,0.3,0.6017,0.1014,31.0,0,0,0,0,0,0,0,0,0,0,0,0,0,0,0,0,0,0,0,0,0,0,0,1,0,1,1,0,1,0,0,0,0,0.67,0.08,0.25,1,0.64,0.18,0.24,0.58,0.38,1,0.0003,0.75,1,0,1,1,0,6760.901249999548,56.34084374999623,7.752219037152909,0.23,0.1,2.4377399933769155,3.707457170489327,5.571165258102454,12.886161254074432,1,0,0,0,0,0,0,0,0,0,0,0,0,0,0,0,0,0,0,0,0,1,2022-12-28 12:24:00
2022-12-28,NIFTY,PriceBreakEMADownward,SIG_4,1,-1,1672217340,1672220940.0,18153.5,18119.35,34.15,0.0,Wednesday,1,SPOT,0,SHORT,18099.0395,18173.1,18099.0395,18173.1,60.0,1,TC,1672217340,True,INSIDE_VA,11,18153.5,0.82,0.11,0.02,0.01,0.06,-0.0694,-0.0643,0.99,0.98,0.45,0.4756,-0.0256,0.68,0.27,0.4868,-0.0163,-46.5,1,0,1,0,0,0,0,0,0,0,0,0,0,0,0,0,0,0,0,0,0,0,0,1,0,1,1,0,1,0,0,0,0,0.67,0.08,0.25,1,0.64,0.18,0.24,0.58,0.38,1,0.0003,0.75,1,0,1,1,0,9416.664999999488,78.47220833332906,9.148972012684505,0.38,0.11,3.022332436611082,5.648613533230646,8.563587522554513,29.912657669809132,1,0,0,0,0,0,0,0,0,0,0,0,0,0,0,0,0,0,0,0,0,1,2022-12-28 14:19:00
2022-12-27,NIFTY,PriceBreakEMADownward,SIG_1,1,-1,1672120440,1672123680.0,18046.9,18067.0,-20.1,-0.0,Tuesday,1,SPOT,0,SHORT,17992.7593,18062.8,17992.7593,18062.8,60.0,1,IS,1672120440,True,GAP_UP,5,18046.9,1.0,-0.23,0.04,0.03,0.08,0.017,-0.1513,0.82,0.86,0.54,0.5718,-0.0318,0.66,0.48,2.675,0.5122,46.900000000001455,0,0,0,0,1,0,0,1,0,0,0,0,0,0,0,0,0,0,0,0,0,0,0,1,0,1,1,0,1,0,0,1,0,0.18,0.24,0.58,1,0.87,0.16,0.27,0.57,1.0,-1,0.0,0.53,1,1,1,1,1,18128.79999999988,151.07333333333233,12.694285678559774,0.09,-0.42,-8.223145056608775,3.7329668496036708,-63.39385745815251,13.064101406474956,0,0,1,0,0,1,0,0,0,0,0,0,0,0,0,0,0,0,0,0,0,1,2022-12-27 11:24:00
2022-12-27,NIFTY,PriceBreakEMADownward,SIG_2,1,-1,1672130940,1672132380.0,18106.65,18124.8,-18.15,-0.0,Tuesday,1,SPOT,0,SHORT,18052.33005,18124.55,18052.33005,18124.55,60.0,1,IS,1672130940,True,GAP_UP,11,18106.65,1.0,-0.23,0.05,0.02,0.12,-0.0175,-0.1293,0.96,0.97,0.49,0.5134,-0.0234,0.66,0.36,1.6983,0.3955,6.650000000001455,0,0,0,0,0,0,0,0,0,0,0,0,0,0,0,0,0,0,0,0,0,0,0,1,0,1,1,0,1,0,0,1,0,0.18,0.24,0.58,1,0.87,0.16,0.27,0.57,1.0,-1,0.0,0.53,1,1,1,1,1,25571.20875000015,213.09340625000127,15.076459575554688,0.23,-0.21,-6.906941436705382,7.289429645443662,-44.72422500944794,49.81479802113086,0,0,0,0,0,0,0,0,0,0,0,0,0,0,0,0,0,0,0,0,0,1,2022-12-27 14:19:00
2022-12-27,NIFTY,PriceBreakEMADownward,SIG_3,1,-1,1672135140,,18134.15,,0.0,0.0,Tuesday,1,SPOT,0,SHORT,18079.74755,18149.25,18079.74755,18149.25,0.0,1,,1672135140,,GAP_UP,13,18134.15,1.0,-0.23,0.07,0.04,0.16,0.0068,-0.2351,0.96,0.99,0.47,0.5166,-0.0466,0.69,0.35,1.2812,0.3218,34.150000000001455,0,0,0,0,0,0,0,0,0,0,0,0,0,0,0,0,0,0,0,0,0,0,0,1,0,1,1,0,1,0,0,1,0,0.18,0.24,0.58,1,0.87,0.16,0.27,0.57,1.0,-1,0.0,0.53,1,1,1,1,1,29585.23249999992,246.54360416666597,16.21665330592116,0.26,-0.19,-7.069236248211521,8.263675233808993,-46.85071981221347,64.02030784675135,0,0,0,0,0,0,0,0,0,0,0,0,0,0,0,0,0,0,0,0,0,1,2022-12-27 15:29:00
2022-12-26,NIFTY,PriceBreakEMADownward,SIG_1,1,-1,1672033440,1672033980.0,17951.55,17972.35,-20.8,-0.0,Monday,1,SPOT,0,SHORT,17897.695349999998,17964.1,17897.695349999998,17964.1,60.0,1,IS,1672033440,True,INSIDE_VA,4,17951.55,1.0,0.25,0.12,0.1,0.19,-0.0082,-0.229,0.97,0.99,0.51,0.5449,-0.0349,0.75,0.34,0.4774,0.0363,-48.45000000000073,0,0,0,0,0,0,0,0,0,0,0,0,0,0,0,0,0,0,0,0,0,0,0,0,1,1,1,1,0,0,0,0,0,0.16,0.27,0.57,-1,0.0,0.18,0.12,0.7,0.0,-1,-0.005,-1.62,0,1,0,0,0,15184.557499999919,126.53797916666599,11.61782442819841,0.0,0.56,8.71843258084071,0.0,71.26037499999826,0.0,0,0,1,0,0,0,0,0,0,0,0,0,0,0,0,0,0,0,0,0,0,1,2022-12-26 11:14:00
2022-12-26,NIFTY,PriceBreakEMADownward,SIG_2,1,-1,1672037640,1672041240.0,17991.6,17977.55,14.05,-0.0,Monday,1,SPOT,0,SHORT,17937.6252,18006.25,17937.6252,18006.25,60.0,1,TC,1672037640,True,INSIDE_VA,7,17991.6,0.44,0.25,0.15,0.14,0.19,0.1217,-0.5666,0.83,0.91,0.52,0.586,-0.066,0.75,0.43,1.3586,0.3821,-8.400000000001455,0,0,0,0,0,0,0,0,0,0,0,0,0,0,0,0,0,0,0,0,0,0,0,0,1,1,1,1,0,0,0,0,0,0.16,0.27,0.57,-1,0.0,0.18,0.12,0.7,0.0,-1,-0.005,-1.62,0,1,0,0,0,18294.22624999982,152.4518854166652,12.752072162768012,0.0,0.64,10.18099045607371,0.0,97.17428124999745,0.0,0,0,0,0,0,0,0,0,0,0,0,0,0,0,0,0,0,0,0,0,0,1,2022-12-26 12:24:00
2022-12-26,NIFTY,PriceBreakEMADownward,SIG_3,1,-1,1672047240,1672047660.0,18059.05,18000.3,58.75,0.0,Monday,1,SPOT,0,SHORT,18004.87285,18084.1,18004.87285,18084.1,25.0,1,IT,1672047240,True,INSIDE_VA,12,18059.05,0.2,0.25,0.14,0.12,0.2,0.099,-0.5612,0.9,0.97,0.52,0.5968,-0.0768,0.8,0.4,0.7211,0.1917,-40.95000000000073,1,0,1,0,0,0,0,0,1,0,0,0,0,0,0,0,0,0,0,0,0,0,0,1,1,1,1,1,0,1,0,0,1,0.16,0.27,0.57,-1,0.0,0.18,0.12,0.7,0.0,-1,-0.005,-1.62,0,1,0,0,0,26458.277500000106,220.48564583333422,15.335732421012368,0.1,0.53,11.145633152247438,4.8082312391819055,116.46106721669736,21.674144671354465,1,0,0,0,0,0,1,0,0,0,0,0,0,0,0,0,0,0,0,0,0,1,2022-12-26 15:04:00
2022-12-23,NIFTY,PriceBreakEMADownward,SIG_1,1,-1,1671774540,1671775980.0,17941.05,17887.15,53.9,0.0,Friday,1,SPOT,0,SHORT,17887.22685,17959.8,17887.22685,17959.8,60.0,1,IT,1671774540,True,GAP_DOWN,5,17941.05,0.6,-0.16,-0.12,-0.12,-0.14,0.1203,-0.6292,0.87,0.95,0.45,0.5468,-0.0968,0.76,0.34,0.7887,0.1546,41.04999999999927,0,1,0,0,0,0,0,0,0,0,0,0,0,0,0,0,0,0,0,0,0,0,0,0,1,0,0,0,0,0,0,0,0,0.18,0.12,0.7,-1,0.62,0.14,0.12,0.74,0.5,-1,0.0,-0.94,0,1,1,0,1,10288.14124999993,85.73451041666608,9.562956888141022,0.0,-0.46,-6.51103593054809,0.0,-39.74398958333271,0.0,0,0,0,0,0,0,0,0,0,0,0,0,0,0,0,0,0,0,0,0,0,1,2022-12-23 11:19:00
2022-12-23,NIFTY,PriceBreakEMADownward,SIG_2,1,-1,1671779340,1671782940.0,17909.7,17863.2,46.5,0.0,Friday,1,SPOT,0,SHORT,17855.9709,17933.4,17855.9709,17933.4,60.0,1,TC,1671779340,True,GAP_DOWN,7,17909.7,0.2,-0.16,-0.11,-0.09,-0.18,-0.0141,-0.2302,0.98,0.99,0.51,0.556,-0.046,0.76,0.35,0.539,0.0765,9.700000000000728,0,0,0,0,0,0,0,0,0,0,0,0,0,0,0,0,0,0,0,0,0,0,0,0,1,0,0,0,0,0,0,0,0,0.18,0.12,0.7,-1,0.62,0.14,0.12,0.74,0.5,-1,0.0,-0.94,0,1,1,0,1,16048.488750000086,133.7374062500007,11.94375289987758,0.07,-0.34,-6.93551980234263,3.239392664008191,-45.09509524564383,9.837810779653205,0,0,0,0,0,0,0,0,0,0,0,0,0,0,0,0,0,0,0,0,0,1,2022-12-23 12:39:00
2022-12-22,NIFTY,PriceBreakEMADownward,SIG_1,1,-1,1671695940,1671697140.0,18105.55,18151.75,-46.2,-0.0,Thursday,1,SPOT,0,SHORT,18051.23335,18147.7,18051.23335,18147.7,60.0,1,IS,1671695940,True,INSIDE_VA,9,18105.55,0.0,-0.3,-0.17,-0.12,-0.31,-0.0126,-0.2507,0.98,1.0,0.44,0.4945,-0.0545,0.7,0.29,0.5877,0.0418,5.549999999999272,0,0,0,0,0,0,0,0,0,0,0,0,0,0,0,0,0,0,0,0,0,0,0,0,1,1,0,1,0,1,1,1,1,0.14,0.12,0.74,-1,0.65,0.68,0.09,0.23,1.0,1,0.0017,-0.22,1,1,1,1,1,31173.608749999403,259.7800729166617,16.646283202097674,0.11,-0.49,-11.671875463177015,5.636569224150789,-127.71813452616907,29.785230579978588,0,0,0,0,0,0,0,0,0,0,0,0,0,0,1,0,0,0,0,0,0,1,2022-12-22 13:29:00
2022-12-22,NIFTY,PriceBreakEMADownward,SIG_2,1,-1,1671699540,1671703140.0,18145.8,18114.7,31.1,0.0,Thursday,1,SPOT,0,SHORT,18091.3626,18182.75,18091.3626,18182.75,60.0,1,TC,1671699540,True,INSIDE_VA,11,18145.8,0.0,-0.3,-0.11,-0.09,-0.19,0.0289,-0.3602,0.96,0.99,0.44,0.5001,-0.0601,0.7,0.3,0.598,0.0439,45.79999999999927,0,1,0,0,0,0,0,0,0,0,0,0,0,0,0,0,0,0,0,0,0,0,0,0,1,1,0,1,0,1,1,1,1,0.14,0.12,0.74,-1,0.65,0.68,0.09,0.23,1.0,1,0.0017,-0.22,1,1,1,1,1,35693.03874999931,297.4419895833276,17.812115414951403,0.19,-0.41,-11.472621870506662,7.714801847980178,-123.39473679715105,55.79828208149847,0,1,0,1,0,0,0,0,0,0,0,0,0,0,0,0,0,0,0,0,0,1,2022-12-22 14:29:00
2022-12-21,NIFTY,PriceBreakEMADownward,SIG_1,1,-1,1671604140,1671605160.0,18367.65,18304.3,63.35,0.0,Wednesday,1,SPOT,0,SHORT,18312.54705,18387.05,18312.54705,18387.05,60.0,1,IT,1671604140,True,GAP_UP,6,18367.65,0.43,-0.14,-0.12,-0.1,-0.18,0.1791,-0.7454,0.76,0.86,0.44,0.5321,-0.0921,0.7,0.37,1.2843,0.2927,-32.349999999998545,0,0,0,0,0,0,0,0,0,0,0,0,0,0,0,0,0,0,0,0,0,0,0,1,0,0,0,0,1,0,1,1,1,0.68,0.09,0.23,1,0.79,0.23,0.02,0.75,0.86,1,0.0,0.2,1,1,1,1,1,8186.7225000000335,68.22268750000028,8.530584192578312,0.04,-0.49,-5.982106267031904,1.7191263449966412,-33.54899567818348,2.770683178182666,0,0,0,0,0,0,0,0,0,0,0,0,0,0,0,0,0,0,0,0,0,1,2022-12-21 11:59:00
2022-12-21,NIFTY,PriceBreakEMADownward,SIG_2,1,-1,1671614640,1671615300.0,18257.5,18195.05,62.45,0.0,Wednesday,1,SPOT,0,SHORT,18202.7275,18284.4,18202.7275,18284.4,35.0,1,IT,1671614640,True,GAP_UP,12,18257.5,0.16,-0.14,-0.1,-0.08,-0.18,0.1774,-0.7609,0.8,0.9,0.46,0.5641,-0.1041,0.76,0.37,1.1393,0.2859,-42.5,0,0,0,0,0,0,0,0,0,0,0,0,0,1,0,0,0,0,0,0,0,0,0,1,1,1,1,1,1,1,1,1,1,0.68,0.09,0.23,1,0.79,0.23,0.02,0.75,0.86,1,0.0,0.2,1,1,1,1,1,29387.842500000024,244.8986875000002,16.162464746030132,0.14,-0.28,-8.595282657705571,5.997306220556369,-69.26145371798823,33.71970178417886,0,0,0,0,0,0,0,0,0,0,0,1,0,0,0,0,0,0,0,0,0,1,2022-12-21 14:54:00
2022-12-20,NIFTY,PriceBreakEMADownward,SIG_1,1,-1,1671520740,1671521580.0,18263.65,18285.05,-21.4,-0.0,Tuesday,1,SPOT,0,SHORT,18208.859050000003,18281.35,18208.859050000003,18281.35,60.0,1,IS,1671520740,True,INSIDE_VA,8,18263.65,1.0,-0.25,-0.05,-0.05,-0.03,0.0439,-0.4237,0.95,0.99,0.48,0.5496,-0.0696,0.77,0.33,0.6658,0.1266,-36.349999999998545,0,1,0,0,0,0,0,0,1,0,0,0,0,1,0,0,0,0,0,0,0,0,0,0,1,1,0,1,0,1,1,0,1,0.23,0.02,0.75,1,0.94,0.11,0.66,0.23,0.95,-1,0.0,0.54,1,1,1,1,1,14332.992500000146,119.44160416666789,11.28735477327523,0.23,-0.38,-6.9780532988619335,5.443845587130413,-45.64990110164804,27.78323885298682,0,0,0,0,0,0,1,0,0,0,0,1,0,0,0,0,0,0,0,0,0,1,2022-12-20 12:49:00
2022-12-20,NIFTY,PriceBreakEMADownward,SIG_2,1,-1,1671522240,1671525480.0,18261.0,18294.7,-33.7,-0.0,Tuesday,1,SPOT,0,SHORT,18206.217,18291.9,18206.217,18291.9,60.0,1,IS,1671522240,True,INSIDE_VA,8,18261.0,1.0,-0.25,-0.04,-0.05,-0.02,0.0814,-0.5293,0.92,0.98,0.46,0.5393,-0.0793,0.75,0.33,0.7035,0.1247,-39.0,0,1,0,0,0,0,0,0,1,0,0,0,0,1,0,0,0,0,0,0,0,0,0,0,1,1,0,1,0,1,1,0,1,0.23,0.02,0.75,1,0.94,0.11,0.66,0.23,0.95,-1,0.0,0.54,1,1,1,1,1,15140.483750000023,126.17069791666685,11.600951589321369,0.23,-0.35,-6.887222544957386,5.589670142825134,-44.469219734783714,29.291636536491335,0,0,0,0,0,0,1,0,0,0,0,1,0,0,0,0,0,0,0,0,0,1,2022-12-20 13:14:00
2022-12-20,NIFTY,PriceBreakEMADownward,SIG_3,1,-1,1671527940,1671528600.0,18318.65,18364.95,-46.3,-0.0,Tuesday,1,SPOT,0,SHORT,18263.694050000002,18344.4,18263.694050000002,18344.4,40.0,1,IS,1671527940,True,INSIDE_VA,12,18318.65,1.0,-0.25,0.02,-0.01,0.11,0.0859,-0.5244,0.92,0.98,0.46,0.5446,-0.0846,0.75,0.34,0.7137,0.135,18.650000000001455,0,0,0,0,0,1,0,0,0,0,0,0,0,0,0,0,0,0,0,0,0,0,0,0,1,1,0,1,0,1,1,0,1,0.23,0.02,0.75,1,0.94,0.11,0.66,0.23,0.95,-1,0.0,0.54,1,1,1,1,1,20347.59124999966,169.56326041666384,13.448697995634177,0.27,-0.16,-5.361571077637494,7.017446679327143,-26.949791644273954,46.16677302862457,0,0,0,1,0,0,0,0,0,1,0,0,0,0,0,0,0,0,0,0,0,1,2022-12-20 14:49:00
2022-12-19,NIFTY,PriceBreakEMADownward,SIG_1,1,-1,1671426540,1671426900.0,18337.3,18357.0,-19.7,-0.0,Monday,1,SPOT,0,SHORT,18282.288099999998,18354.1,18282.288099999998,18354.1,60.0,1,IS,1671426540,True,BELOW_VA,3,18337.3,1.0,0.16,0.09,0.06,0.17,0.1572,-0.5425,0.38,0.5,0.59,0.6468,-0.0568,0.71,0.59,2.6832,0.5602,37.29999999999927,1,0,0,0,0,0,1,0,0,0,0,0,0,0,0,0,0,0,0,0,0,0,0,0,1,1,0,1,0,0,0,0,0,0.11,0.66,0.23,-1,0.29,0.03,0.15,0.82,0.2,-1,-0.0037,-1.56,0,1,0,0,0,4293.523750000016,35.77936458333347,6.177754896040769,0.0,0.67,5.0722852618694665,0.0,24.120072916667066,0.0,0,0,0,0,1,0,0,0,0,0,0,0,0,0,0,0,0,0,0,0,0,1,2022-12-19 10:39:00
2022-12-19,NIFTY,PriceBreakEMADownward,SIG_2,1,-1,1671427440,1671430020.0,18339.75,18363.15,-23.4,-0.0,Monday,1,SPOT,0,SHORT,18284.73075,18358.85,18284.73075,18358.85,60.0,1,IS,1671427440,True,BELOW_VA,4,18339.75,0.33,0.16,0.08,0.04,0.21,0.2225,-0.7749,0.42,0.56,0.55,0.6415,-0.0915,0.72,0.56,2.1201,0.4983,39.75,0,0,0,0,0,0,1,0,0,0,0,0,0,0,0,0,0,0,0,0,0,0,0,0,1,1,0,1,0,0,0,0,0,0.11,0.66,0.23,-1,0.29,0.03,0.15,0.82,0.2,-1,-0.0037,-1.56,0,1,0,0,0,4719.823750000026,39.33186458333355,6.477189891371807,0.0,0.7,5.432992831866395,0.0,27.672572916667146,0.0,0,0,0,0,1,0,0,0,0,0,0,0,0,0,0,0,0,0,0,0,0,1,2022-12-19 10:54:00
2022-12-19,NIFTY,PriceBreakEMADownward,SIG_3,1,-1,1671431640,1671432240.0,18358.8,18375.4,-16.6,-0.0,Monday,1,SPOT,0,SHORT,18303.723599999998,18372.15,18303.723599999998,18372.15,60.0,1,IS,1671431640,True,BELOW_VA,6,18358.8,0.5,0.16,0.1,0.07,0.17,0.0944,-0.4833,0.88,0.95,0.49,0.5581,-0.0681,0.71,0.4,1.3911,0.3634,-41.20000000000073,0,0,0,0,0,0,0,0,0,0,0,0,0,0,0,0,0,0,0,0,0,0,0,0,1,1,1,1,0,1,0,0,0,0.11,0.66,0.23,-1,0.29,0.03,0.15,0.82,0.2,-1,-0.0037,-1.56,0,1,0,0,0,6188.103749999962,51.56753124999968,7.416560298862696,0.0,0.61,5.809562041248123,0.0,31.64157291666661,0.0,0,0,0,0,0,0,0,0,0,0,0,0,0,0,0,0,0,0,0,0,0,1,2022-12-19 12:04:00
2022-12-19,NIFTY,PriceBreakEMADownward,SIG_4,1,-1,1671433440,1671437040.0,18363.75,18349.4,14.35,-0.0,Monday,1,SPOT,0,SHORT,18308.65875,18383.65,18308.65875,18383.65,60.0,1,TC,1671433440,True,BELOW_VA,7,18363.75,0.4,0.16,0.09,0.05,0.2,0.067,-0.4391,0.92,0.98,0.49,0.5591,-0.0691,0.74,0.38,0.4902,0.0294,-36.25,0,0,0,0,0,0,0,0,0,0,0,0,0,0,0,0,0,0,0,0,0,0,0,0,1,1,1,1,0,1,0,0,0,0.11,0.66,0.23,-1,0.29,0.03,0.15,0.82,0.2,-1,-0.0037,-1.56,0,1,0,0,0,6797.730000000026,56.647750000000215,7.773304745516342,0.0,0.65,6.25858698997718,0.0,36.72179166666715,0.0,0,0,0,0,0,0,0,0,0,0,0,0,0,0,0,0,0,0,0,0,0,1,2022-12-19 12:34:00
2022-12-19,NIFTY,PriceBreakEMADownward,SIG_5,1,-1,1671438840,1671440700.0,18357.0,18381.85,-24.85,-0.0,Monday,1,SPOT,0,SHORT,18301.929,18375.65,18301.929,18375.65,60.0,1,IS,1671438840,True,BELOW_VA,10,18357.0,0.38,0.16,0.07,0.05,0.14,-0.0376,-0.1298,0.99,0.99,0.53,0.5632,-0.0332,0.74,0.39,0.4106,0.0069,-43.0,1,0,0,0,0,0,0,0,0,0,0,0,0,0,0,0,0,0,0,0,0,0,0,0,1,1,1,1,0,1,0,0,0,0.11,0.66,0.23,-1,0.29,0.03,0.15,0.82,0.2,-1,-0.0037,-1.56,0,1,0,0,0,9521.500000000065,79.34583333333389,9.199758450935336,0.07,0.36,5.536865812228209,2.3752345567545188,28.740827833707694,5.2891304996257835,0,0,0,0,0,0,0,0,0,0,0,0,0,0,0,0,0,0,0,0,0,1,2022-12-19 14:04:00
2022-12-16,NIFTY,PriceBreakEMADownward,SIG_1,1,-1,1671170940,1671173460.0,18318.6,18348.3,-29.7,0.0,Friday,1,SPOT,0,SHORT,18263.6442,18343.8,18263.6442,18343.8,60.0,1,IS,1671170940,True,GAP_DOWN,5,18318.6,0.67,-0.22,-0.17,-0.16,-0.2,-0.0176,-0.1295,0.96,0.97,0.58,0.605,-0.025,0.75,0.46,1.6946,0.4858,18.599999999998545,0,0,0,0,0,0,0,0,0,0,0,0,0,0,0,0,0,0,0,0,0,0,0,0,1,0,0,0,0,0,0,0,0,0.03,0.15,0.82,-1,0.08,0.16,0.39,0.45,0.32,-1,-0.001,-1.5,0,1,1,0,1,17058.157499999536,142.15131249999612,12.313734878852253,0.1,0.14,4.622568237126303,3.9353589462025553,20.03262853770842,14.519109408240459,0,0,0,0,0,0,0,0,0,0,0,0,0,0,0,0,0,0,0,0,0,1,2022-12-16 11:39:00
2022-12-16,NIFTY,PriceBreakEMADownward,SIG_2,1,-1,1671175740,1671178860.0,18384.3,18325.9,58.4,0.0,Friday,1,SPOT,0,SHORT,18329.1471,18410.8,18329.1471,18410.8,60.0,1,IT,1671175740,True,GAP_DOWN,8,18384.3,0.82,-0.22,-0.04,-0.03,-0.05,0.0413,-0.3132,0.93,0.98,0.56,0.6091,-0.0491,0.77,0.45,1.5546,0.4559,-15.700000000000728,0,0,0,1,0,0,0,0,0,0,0,0,0,0,0,0,0,0,0,0,0,0,0,0,1,0,0,0,0,0,0,0,0,0.03,0.15,0.82,-1,0.08,0.16,0.39,0.45,0.32,-1,-0.001,-1.5,0,1,1,0,1,22643.701249999696,188.69751041666413,14.18722469140606,0.22,0.16,5.7520107206798645,6.6353801836012,31.017775622640087,41.27650329461952,0,1,0,0,0,0,0,0,0,0,0,1,0,0,0,0,0,0,0,0,0,1,2022-12-16 12:59:00
2022-12-14,NIFTY,PriceBreakEMADownward,SIG_1,1,-1,1670999040,1671000480.0,18683.2,18690.95,-7.75,0.0,Wednesday,1,SPOT,0,SHORT,18627.150400000002,18690.2,18627.150400000002,18690.2,60.0,1,IS,1670999040,True,GAP_UP,6,18683.2,1.0,-0.12,0.0,0.01,-0.02,-0.0226,-0.1393,0.98,0.99,0.45,0.4851,-0.0351,0.64,0.33,1.3812,0.3184,-16.799999999999272,0,0,0,0,0,0,0,0,0,0,0,0,0,0,0,1,0,0,0,0,0,0,0,0,0,0,0,0,0,0,0,0,0,0.27,0.16,0.57,1,0.25,0.32,0.15,0.53,0.18,1,0.0002,0.6,1,0,1,1,0,2068.485000000195,17.237375000001627,4.287952114160683,0.0,0.31,2.372734006724594,0.0,5.278000000000637,0.0,0,0,0,0,0,0,0,0,0,0,0,0,0,1,0,0,0,0,0,0,0,1,2022-12-14 11:54:00
2022-12-14,NIFTY,PriceBreakEMADownward,SIG_2,1,-1,1671011340,1671011940.0,18659.55,18642.9,16.65,0.0,Wednesday,1,SPOT,0,SHORT,18603.57135,18671.35,18603.57135,18671.35,10.0,1,TC,1671011340,True,GAP_UP,13,18659.55,0.81,-0.12,-0.05,-0.04,-0.09,0.0669,-0.4801,0.93,0.98,0.45,0.5257,-0.0757,0.74,0.32,0.6776,0.1049,-40.45000000000073,1,0,0,0,0,0,0,0,0,0,0,0,0,0,0,0,0,0,0,0,0,0,0,1,0,0,1,0,0,0,0,0,0,0.27,0.16,0.57,1,0.25,0.32,0.15,0.53,0.18,1,0.0002,0.6,1,0,1,1,0,4589.437500000073,38.24531250000061,6.3870963668947915,0.13,-0.05,-1.375664125307597,2.268828434350524,-1.7741735490546706,4.82585856048511,0,0,0,0,0,0,0,0,0,0,0,0,0,1,0,0,0,0,0,0,0,1,2022-12-14 15:19:00
