day,symbol,strategy,trade_id,leg,side,entry_time,exit_time,entry_price,exit_price,realized_pnl,un_realized_pnl,week_day,seq,instrument,cover,market_view,spot_target,spot_stop_loss,spot_stop_loss_rolling,instr_target,instr_stop_loss,duration,quantity,exit_type,spot_entry_price,spot_exit_price,trigger_time,open_type,tpo,spot,candles_in_range,price_location,first_hour_trend,whole_day_trend,five_min_trend,fifteen_min_trend,d_y_high,d_y_low,d_y_poc_price,d_y_va_h_p,d_y_va_l_p,d_t_2_high,d_t_2_low,d_t_2_poc_price,d_t_2_va_h_p,d_t_2_va_l_p,pat_y_high,pat_y_low,pat_y_va_h_p,pat_y_va_l_p,pat_y_poc_price,pat_t_2_high,pat_t_2_low,pat_t_2_va_h_p,pat_t_2_va_l_p,pat_t_2_poc_price,pat_w_high,pat_w_low,pat_w_Pivot,pat_w_R1,pat_w_S1,pat_w_R2,pat_w_S2,pat_w_R3,pat_w_S3,pat_w_R4,pat_w_S4,pattern_price,call_volume_scale,put_volume_scale,sum_call_volume,sum_put_volume,call_volume_scale_day,put_volume_scale_day,pcr_minus_1,regime,market_entrant,call_entrant,put_entrant,transition,roll_near_vol_pcr,roll_far_vol_pcr,roll_vol_spread_pcr,put_pos_price_pct,call_pos_price_pct,call_vol_spread,put_vol_spread,total_vol_spread,total_profit,call_profit,put_profit,day_total_profit,day_call_profit,day_put_profit,near_put_oi_share,far_put_oi_share,near_call_oi_share,far_call_oi_share,put_oi_spread,call_oi_spread,near_call_volume_share_per_oi,near_put_volume_share_per_oi,far_call_volume_share_per_oi,far_put_volume_share_per_oi,pattern_location,pattern_height,strength,quad,lin,quad_r2,lin_r2,market_auc,trend_auc,auc_del,mu_0,mu_n,exp_b,exp_c,entry_time_read,exit_time_read
2024-03-15,NIFTY_22100_PE,PutBuy,SIG_1,1,1,1710475560,1710476400,170.4,198.15,27.75,0.0,Friday,1,22100_PE,0,SHORT,,,,221.52,139.728,45,1,EC,22044.65,22014.2,1710475560,,1,22044.65,0.0,4.545454545454541,-0.06,0.0,0.0,-0.25,0,0,0,0,0,0,0,0,0,0,0,0,0,0,0,0,0,0,0,0,0,0,0,0,0,0,0,0,0,0,0,[22044.65],2.72,4.25,4641500,7244800,1.46,3.14,-0.22,put_to_call_trans,0.012,0.018,-0.006,0.0,2.59,0.99,-0.77,0.8947368421052632,0.1,0.57,1.27,1.15,-0.07,0.09,-0.2,-0.07,0.09,-0.2,0.142,0.222,0.078,0.478,-0.081,-0.4,1.183,2.29,0.616,1.023,4.545454545454541,0,1,,,,,,,,,,,,2024-03-15 09:36:00,2024-03-15 09:50:00
2024-03-15,NIFTY_22100_PE,PutBuy,SIG_1,2,1,1710475560,1710476400,170.4,198.15,27.75,0.0,Friday,2,22100_PE,0,SHORT,,,,204.48,139.728,45,1,EC,22044.65,22014.2,1710475560,,1,22044.65,0.0,4.545454545454541,-0.06,0.0,0.0,-0.25,0,0,0,0,0,0,0,0,0,0,0,0,0,0,0,0,0,0,0,0,0,0,0,0,0,0,0,0,0,0,0,[22044.65],2.72,4.25,4641500,7244800,1.46,3.14,-0.22,put_to_call_trans,0.012,0.018,-0.006,0.0,2.59,0.99,-0.77,0.8947368421052632,0.1,0.57,1.27,1.15,-0.07,0.09,-0.2,-0.07,0.09,-0.2,0.142,0.222,0.078,0.478,-0.081,-0.4,1.183,2.29,0.616,1.023,4.545454545454541,0,1,,,,,,,,,,,,2024-03-15 09:36:00,2024-03-15 09:50:00
2024-03-15,NIFTY_22100_PE,PutBuy,SIG_1,3,1,1710475560,1710475800,170.4,192.75,22.35,0.0,Friday,3,22100_PE,0,SHORT,,,,187.44000000000003,139.728,45,1,IT,22044.65,22021.0,1710475560,,1,22044.65,0.0,4.545454545454541,-0.06,0.0,0.0,-0.25,0,0,0,0,0,0,0,0,0,0,0,0,0,0,0,0,0,0,0,0,0,0,0,0,0,0,0,0,0,0,0,[22044.65],2.72,4.25,4641500,7244800,1.46,3.14,-0.22,put_to_call_trans,0.012,0.018,-0.006,0.0,2.59,0.99,-0.77,0.8947368421052632,0.1,0.57,1.27,1.15,-0.07,0.09,-0.2,-0.07,0.09,-0.2,0.142,0.222,0.078,0.478,-0.081,-0.4,1.183,2.29,0.616,1.023,4.545454545454541,0,1,,,,,,,,,,,,2024-03-15 09:36:00,2024-03-15 09:40:00
2024-03-15,NIFTY_22100_PE,PutBuy,SIG_1,4,1,1710475560,1710476400,170.4,198.15,27.75,0.0,Friday,4,22100_PE,0,SHORT,,,,255.60000000000002,139.728,45,1,EC,22044.65,22014.2,1710475560,,1,22044.65,0.0,4.545454545454541,-0.06,0.0,0.0,-0.25,0,0,0,0,0,0,0,0,0,0,0,0,0,0,0,0,0,0,0,0,0,0,0,0,0,0,0,0,0,0,0,[22044.65],2.72,4.25,4641500,7244800,1.46,3.14,-0.22,put_to_call_trans,0.012,0.018,-0.006,0.0,2.59,0.99,-0.77,0.8947368421052632,0.1,0.57,1.27,1.15,-0.07,0.09,-0.2,-0.07,0.09,-0.2,0.142,0.222,0.078,0.478,-0.081,-0.4,1.183,2.29,0.616,1.023,4.545454545454541,0,1,,,,,,,,,,,,2024-03-15 09:36:00,2024-03-15 09:50:00
2024-03-15,NIFTY_22100_PE,PutBuy,SIG_2,1,1,1710476400,1710476460,198.15,202.05,3.9,0.0,Friday,1,22100_PE,0,SHORT,,,,257.595,162.483,45,1,EC,22014.2,22012.0,1710476400,,2,22014.2,0.0,2.777777777777779,-0.16,0.0,-0.07,-0.42,0,0,0,0,0,0,0,0,0,0,0,0,0,0,0,0,0,0,0,0,0,0,0,0,0,0,0,0,0,0,0,[22014.2],2.33,3.82,3975550,6512400,1.23,2.47,-0.31,call_buildup,0.026,0.025,0.001,0.0,2.66,0.69,-0.4,0.15789473684210525,0.1,0.65,1.18,1.16,-0.1,0.2,-0.41,-0.1,0.2,-0.41,0.136,0.21,0.097,0.488,-0.074,-0.391,1.189,2.403,0.537,1.224,2.777777777777779,0,1,,,,,,,,,,,,2024-03-15 09:50:00,2024-03-15 09:51:00
2024-03-15,NIFTY_22100_PE,PutBuy,SIG_2,2,1,1710476400,1710476460,198.15,202.05,3.9,0.0,Friday,2,22100_PE,0,SHORT,,,,237.78,162.483,45,1,EC,22014.2,22012.0,1710476400,,2,22014.2,0.0,2.777777777777779,-0.16,0.0,-0.07,-0.42,0,0,0,0,0,0,0,0,0,0,0,0,0,0,0,0,0,0,0,0,0,0,0,0,0,0,0,0,0,0,0,[22014.2],2.33,3.82,3975550,6512400,1.23,2.47,-0.31,call_buildup,0.026,0.025,0.001,0.0,2.66,0.69,-0.4,0.15789473684210525,0.1,0.65,1.18,1.16,-0.1,0.2,-0.41,-0.1,0.2,-0.41,0.136,0.21,0.097,0.488,-0.074,-0.391,1.189,2.403,0.537,1.224,2.777777777777779,0,1,,,,,,,,,,,,2024-03-15 09:50:00,2024-03-15 09:51:00
2024-03-15,NIFTY_22100_PE,PutBuy,SIG_2,3,1,1710476400,1710476460,198.15,202.05,3.9,0.0,Friday,3,22100_PE,0,SHORT,,,,217.96500000000003,162.483,45,1,EC,22014.2,22012.0,1710476400,,2,22014.2,0.0,2.777777777777779,-0.16,0.0,-0.07,-0.42,0,0,0,0,0,0,0,0,0,0,0,0,0,0,0,0,0,0,0,0,0,0,0,0,0,0,0,0,0,0,0,[22014.2],2.33,3.82,3975550,6512400,1.23,2.47,-0.31,call_buildup,0.026,0.025,0.001,0.0,2.66,0.69,-0.4,0.15789473684210525,0.1,0.65,1.18,1.16,-0.1,0.2,-0.41,-0.1,0.2,-0.41,0.136,0.21,0.097,0.488,-0.074,-0.391,1.189,2.403,0.537,1.224,2.777777777777779,0,1,,,,,,,,,,,,2024-03-15 09:50:00,2024-03-15 09:51:00
2024-03-15,NIFTY_22100_PE,PutBuy,SIG_2,4,1,1710476400,1710476460,198.15,202.05,3.9,0.0,Friday,4,22100_PE,0,SHORT,,,,297.225,162.483,45,1,EC,22014.2,22012.0,1710476400,,2,22014.2,0.0,2.777777777777779,-0.16,0.0,-0.07,-0.42,0,0,0,0,0,0,0,0,0,0,0,0,0,0,0,0,0,0,0,0,0,0,0,0,0,0,0,0,0,0,0,[22014.2],2.33,3.82,3975550,6512400,1.23,2.47,-0.31,call_buildup,0.026,0.025,0.001,0.0,2.66,0.69,-0.4,0.15789473684210525,0.1,0.65,1.18,1.16,-0.1,0.2,-0.41,-0.1,0.2,-0.41,0.136,0.21,0.097,0.488,-0.074,-0.391,1.189,2.403,0.537,1.224,2.777777777777779,0,1,,,,,,,,,,,,2024-03-15 09:50:00,2024-03-15 09:51:00
2024-03-13,NIFTY_22400_PE,PutBuy,SIG_1,1,1,1710303900,1710303960,134.7,131.25,-3.45,-0.0,Wednesday,1,22400_PE,0,SHORT,,,,175.10999999999999,110.454,45,1,EC,22279.65,22279.6,1710303900,,2,22279.65,0.0,2.4390243902439046,-0.38,0.0,-0.31,-0.58,0,0,0,0,0,0,0,0,0,0,0,0,0,1,0,0,1,0,0,0,0,0,0,0,1,0,0,0,0,0,0,[22279.65],1.9,3.36,6019000,10672600,1.48,2.11,-0.36,both_build_up,0.011,0.006,0.004,0.0,1.89,0.96,-0.76,0.8888888888888888,0.05,0.66,1.62,1.24,0.02,0.26,-0.4,0.02,0.26,-0.4,0.131,0.226,0.137,0.464,-0.095,-0.327,1.106,2.716,0.444,1.094,2.4390243902439046,0,1,,,,,,,,,,,,2024-03-13 09:55:00,2024-03-13 09:56:00
2024-03-13,NIFTY_22400_PE,PutBuy,SIG_1,2,1,1710303900,1710303960,134.7,131.25,-3.45,-0.0,Wednesday,2,22400_PE,0,SHORT,,,,161.64,110.454,45,1,EC,22279.65,22279.6,1710303900,,2,22279.65,0.0,2.4390243902439046,-0.38,0.0,-0.31,-0.58,0,0,0,0,0,0,0,0,0,0,0,0,0,1,0,0,1,0,0,0,0,0,0,0,1,0,0,0,0,0,0,[22279.65],1.9,3.36,6019000,10672600,1.48,2.11,-0.36,both_build_up,0.011,0.006,0.004,0.0,1.89,0.96,-0.76,0.8888888888888888,0.05,0.66,1.62,1.24,0.02,0.26,-0.4,0.02,0.26,-0.4,0.131,0.226,0.137,0.464,-0.095,-0.327,1.106,2.716,0.444,1.094,2.4390243902439046,0,1,,,,,,,,,,,,2024-03-13 09:55:00,2024-03-13 09:56:00
2024-03-13,NIFTY_22400_PE,PutBuy,SIG_1,3,1,1710303900,1710303960,134.7,131.25,-3.45,-0.0,Wednesday,3,22400_PE,0,SHORT,,,,148.17,110.454,45,1,EC,22279.65,22279.6,1710303900,,2,22279.65,0.0,2.4390243902439046,-0.38,0.0,-0.31,-0.58,0,0,0,0,0,0,0,0,0,0,0,0,0,1,0,0,1,0,0,0,0,0,0,0,1,0,0,0,0,0,0,[22279.65],1.9,3.36,6019000,10672600,1.48,2.11,-0.36,both_build_up,0.011,0.006,0.004,0.0,1.89,0.96,-0.76,0.8888888888888888,0.05,0.66,1.62,1.24,0.02,0.26,-0.4,0.02,0.26,-0.4,0.131,0.226,0.137,0.464,-0.095,-0.327,1.106,2.716,0.444,1.094,2.4390243902439046,0,1,,,,,,,,,,,,2024-03-13 09:55:00,2024-03-13 09:56:00
2024-03-13,NIFTY_22400_PE,PutBuy,SIG_1,4,1,1710303900,1710303960,134.7,131.25,-3.45,-0.0,Wednesday,4,22400_PE,0,SHORT,,,,202.04999999999998,110.454,45,1,EC,22279.65,22279.6,1710303900,,2,22279.65,0.0,2.4390243902439046,-0.38,0.0,-0.31,-0.58,0,0,0,0,0,0,0,0,0,0,0,0,0,1,0,0,1,0,0,0,0,0,0,0,1,0,0,0,0,0,0,[22279.65],1.9,3.36,6019000,10672600,1.48,2.11,-0.36,both_build_up,0.011,0.006,0.004,0.0,1.89,0.96,-0.76,0.8888888888888888,0.05,0.66,1.62,1.24,0.02,0.26,-0.4,0.02,0.26,-0.4,0.131,0.226,0.137,0.464,-0.095,-0.327,1.106,2.716,0.444,1.094,2.4390243902439046,0,1,,,,,,,,,,,,2024-03-13 09:55:00,2024-03-13 09:56:00
2024-03-13,NIFTY_22300_PE,PutBuy,SIG_2,1,1,1710308100,1710309600,111.7,166.85,55.15,-0.0,Wednesday,1,22300_PE,0,SHORT,,,,145.21,91.59400000000001,45,1,IT,22228.6,22154.65,1710308100,,4,22228.6,0.75,0.9009009009009028,-0.22,-0.24,-0.22,-0.31,0,0,0,0,0,0,0,0,0,0,0,1,0,0,0,0,0,0,0,0,0,1,0,0,1,0,0,0,0,0,0,[22228.6],2.91,4.31,9240500,13683550,2.62,3.29,-0.46,put_to_call_trans,0.016,0.02,-0.004,0.0,2.81,0.68,-0.09,0.8421052631578947,0.3,0.87,1.17,1.36,0.07,0.45,-0.76,0.07,0.45,-0.76,0.106,0.189,0.069,0.574,-0.083,-0.505,1.401,2.569,0.53,1.402,0.9009009009009028,0,1,0.1751,-0.8382,0.83,0.92,0.43,0.5363,-0.1063,0.78,0.3,0.7867,0.1329,2024-03-13 11:05:00,2024-03-13 11:30:00
2024-03-13,NIFTY_22300_PE,PutBuy,SIG_2,2,1,1710308100,1710309240,111.7,137.2,25.5,-0.0,Wednesday,2,22300_PE,0,SHORT,,,,134.04,91.59400000000001,45,1,IT,22228.6,22194.95,1710308100,,4,22228.6,0.75,0.9009009009009028,-0.22,-0.24,-0.22,-0.31,0,0,0,0,0,0,0,0,0,0,0,1,0,0,0,0,0,0,0,0,0,1,0,0,1,0,0,0,0,0,0,[22228.6],2.91,4.31,9240500,13683550,2.62,3.29,-0.46,put_to_call_trans,0.016,0.02,-0.004,0.0,2.81,0.68,-0.09,0.8421052631578947,0.3,0.87,1.17,1.36,0.07,0.45,-0.76,0.07,0.45,-0.76,0.106,0.189,0.069,0.574,-0.083,-0.505,1.401,2.569,0.53,1.402,0.9009009009009028,0,1,0.1751,-0.8382,0.83,0.92,0.43,0.5363,-0.1063,0.78,0.3,0.7867,0.1329,2024-03-13 11:05:00,2024-03-13 11:24:00
2024-03-13,NIFTY_22300_PE,PutBuy,SIG_2,3,1,1710308100,1710309180,111.7,132.6,20.9,-0.0,Wednesday,3,22300_PE,0,SHORT,,,,122.87000000000002,91.59400000000001,45,1,IT,22228.6,22205.55,1710308100,,4,22228.6,0.75,0.9009009009009028,-0.22,-0.24,-0.22,-0.31,0,0,0,0,0,0,0,0,0,0,0,1,0,0,0,0,0,0,0,0,0,1,0,0,1,0,0,0,0,0,0,[22228.6],2.91,4.31,9240500,13683550,2.62,3.29,-0.46,put_to_call_trans,0.016,0.02,-0.004,0.0,2.81,0.68,-0.09,0.8421052631578947,0.3,0.87,1.17,1.36,0.07,0.45,-0.76,0.07,0.45,-0.76,0.106,0.189,0.069,0.574,-0.083,-0.505,1.401,2.569,0.53,1.402,0.9009009009009028,0,1,0.1751,-0.8382,0.83,0.92,0.43,0.5363,-0.1063,0.78,0.3,0.7867,0.1329,2024-03-13 11:05:00,2024-03-13 11:23:00
2024-03-13,NIFTY_22300_PE,PutBuy,SIG_2,4,1,1710308100,1710309660,111.7,168.0,56.3,-0.0,Wednesday,4,22300_PE,0,SHORT,,,,167.55,91.59400000000001,45,1,IT,22228.6,22151.0,1710308100,,4,22228.6,0.75,0.9009009009009028,-0.22,-0.24,-0.22,-0.31,0,0,0,0,0,0,0,0,0,0,0,1,0,0,0,0,0,0,0,0,0,1,0,0,1,0,0,0,0,0,0,[22228.6],2.91,4.31,9240500,13683550,2.62,3.29,-0.46,put_to_call_trans,0.016,0.02,-0.004,0.0,2.81,0.68,-0.09,0.8421052631578947,0.3,0.87,1.17,1.36,0.07,0.45,-0.76,0.07,0.45,-0.76,0.106,0.189,0.069,0.574,-0.083,-0.505,1.401,2.569,0.53,1.402,0.9009009009009028,0,1,0.1751,-0.8382,0.83,0.92,0.43,0.5363,-0.1063,0.78,0.3,0.7867,0.1329,2024-03-13 11:05:00,2024-03-13 11:31:00
2024-03-13,NIFTY_22300_PE,PutBuy,SIG_3,1,1,1710309120,1710309600,117.8,166.85,49.05,-0.0,Wednesday,1,22300_PE,0,SHORT,,,,153.14000000000001,96.596,45,1,IT,22220.6,22154.65,1710309120,,5,22220.6,0.6,0.78125,-0.22,-0.18,-0.14,-0.28,0,0,0,0,0,0,0,0,0,0,0,0,0,0,0,0,0,0,0,0,0,1,0,0,0,0,0,0,0,0,0,[22220.6],2.09,3.4,6644950,10793700,1.91,2.6,-0.49,call_buildup,0.005,0.005,0.0,0.0,1.81,0.8,-0.34,0.8421052631578947,0.1,1.21,1.35,1.61,0.07,0.45,-0.85,0.07,0.45,-0.85,0.103,0.184,0.084,0.57,-0.081,-0.486,1.628,2.823,0.42,1.472,0.78125,0,1,0.0905,-0.5427,0.9,0.96,0.45,0.5311,-0.0811,0.74,0.32,0.7079,0.1211,2024-03-13 11:22:00,2024-03-13 11:30:00
2024-03-13,NIFTY_22300_PE,PutBuy,SIG_3,2,1,1710309120,1710309300,117.8,144.5,26.7,-0.0,Wednesday,2,22300_PE,0,SHORT,,,,141.35999999999999,96.596,45,1,IT,22220.6,22187.4,1710309120,,5,22220.6,0.6,0.78125,-0.22,-0.18,-0.14,-0.28,0,0,0,0,0,0,0,0,0,0,0,0,0,0,0,0,0,0,0,0,0,1,0,0,0,0,0,0,0,0,0,[22220.6],2.09,3.4,6644950,10793700,1.91,2.6,-0.49,call_buildup,0.005,0.005,0.0,0.0,1.81,0.8,-0.34,0.8421052631578947,0.1,1.21,1.35,1.61,0.07,0.45,-0.85,0.07,0.45,-0.85,0.103,0.184,0.084,0.57,-0.081,-0.486,1.628,2.823,0.42,1.472,0.78125,0,1,0.0905,-0.5427,0.9,0.96,0.45,0.5311,-0.0811,0.74,0.32,0.7079,0.1211,2024-03-13 11:22:00,2024-03-13 11:25:00
2024-03-13,NIFTY_22300_PE,PutBuy,SIG_3,3,1,1710309120,1710309180,117.8,132.6,14.8,-0.0,Wednesday,3,22300_PE,0,SHORT,,,,129.58,96.596,45,1,IT,22220.6,22205.55,1710309120,,5,22220.6,0.6,0.78125,-0.22,-0.18,-0.14,-0.28,0,0,0,0,0,0,0,0,0,0,0,0,0,0,0,0,0,0,0,0,0,1,0,0,0,0,0,0,0,0,0,[22220.6],2.09,3.4,6644950,10793700,1.91,2.6,-0.49,call_buildup,0.005,0.005,0.0,0.0,1.81,0.8,-0.34,0.8421052631578947,0.1,1.21,1.35,1.61,0.07,0.45,-0.85,0.07,0.45,-0.85,0.103,0.184,0.084,0.57,-0.081,-0.486,1.628,2.823,0.42,1.472,0.78125,0,1,0.0905,-0.5427,0.9,0.96,0.45,0.5311,-0.0811,0.74,0.32,0.7079,0.1211,2024-03-13 11:22:00,2024-03-13 11:23:00
2024-03-13,NIFTY_22300_PE,PutBuy,SIG_3,4,1,1710309120,1710309960,117.8,161.65,43.85,-0.0,Wednesday,4,22300_PE,0,SHORT,,,,176.7,96.596,45,1,EC,22220.6,22162.4,1710309120,,5,22220.6,0.6,0.78125,-0.22,-0.18,-0.14,-0.28,0,0,0,0,0,0,0,0,0,0,0,0,0,0,0,0,0,0,0,0,0,1,0,0,0,0,0,0,0,0,0,[22220.6],2.09,3.4,6644950,10793700,1.91,2.6,-0.49,call_buildup,0.005,0.005,0.0,0.0,1.81,0.8,-0.34,0.8421052631578947,0.1,1.21,1.35,1.61,0.07,0.45,-0.85,0.07,0.45,-0.85,0.103,0.184,0.084,0.57,-0.081,-0.486,1.628,2.823,0.42,1.472,0.78125,0,1,0.0905,-0.5427,0.9,0.96,0.45,0.5311,-0.0811,0.74,0.32,0.7079,0.1211,2024-03-13 11:22:00,2024-03-13 11:36:00
2024-03-12,NIFTY_22400_PE,PutBuy,SIG_1,1,1,1710220500,1710220620,109.2,144.7,35.5,-0.0,Tuesday,1,22400_PE,0,SHORT,,,,141.96,89.54400000000001,45,1,IT,22320.2,22266.85,1710220500,,4,22320.2,1.0,2.197802197802201,0.22,-0.02,0.04,-0.18,0,0,0,0,0,0,0,0,0,0,0,0,0,1,1,0,1,0,0,0,0,0,1,0,0,0,0,0,0,0,0,[22320.2],3.89,5.26,7919550,10711300,3.36,5.42,-0.14,both_covering,-0.04,-0.014,-0.027,-0.013,2.14,0.62,-0.86,0.7368421052631579,0.15,0.65,1.16,1.03,0.03,-0.02,0.06,0.03,-0.02,0.06,0.16,0.252,0.071,0.458,-0.091,-0.387,1.362,1.96,0.709,0.804,2.197802197802201,0,1,0.0982,-0.5688,0.86,0.92,0.48,0.5682,-0.0882,0.8,0.33,0.7928,0.1859,2024-03-12 10:45:00,2024-03-12 10:47:00
2024-03-12,NIFTY_22400_PE,PutBuy,SIG_1,2,1,1710220500,1710220560,109.2,140.5,31.3,-0.0,Tuesday,2,22400_PE,0,SHORT,,,,131.04,89.54400000000001,45,1,IT,22320.2,22276.2,1710220500,,4,22320.2,1.0,2.197802197802201,0.22,-0.02,0.04,-0.18,0,0,0,0,0,0,0,0,0,0,0,0,0,1,1,0,1,0,0,0,0,0,1,0,0,0,0,0,0,0,0,[22320.2],3.89,5.26,7919550,10711300,3.36,5.42,-0.14,both_covering,-0.04,-0.014,-0.027,-0.013,2.14,0.62,-0.86,0.7368421052631579,0.15,0.65,1.16,1.03,0.03,-0.02,0.06,0.03,-0.02,0.06,0.16,0.252,0.071,0.458,-0.091,-0.387,1.362,1.96,0.709,0.804,2.197802197802201,0,1,0.0982,-0.5688,0.86,0.92,0.48,0.5682,-0.0882,0.8,0.33,0.7928,0.1859,2024-03-12 10:45:00,2024-03-12 10:46:00
2024-03-12,NIFTY_22400_PE,PutBuy,SIG_1,3,1,1710220500,1710220560,109.2,140.5,31.3,-0.0,Tuesday,3,22400_PE,0,SHORT,,,,120.12000000000002,89.54400000000001,45,1,IT,22320.2,22276.2,1710220500,,4,22320.2,1.0,2.197802197802201,0.22,-0.02,0.04,-0.18,0,0,0,0,0,0,0,0,0,0,0,0,0,1,1,0,1,0,0,0,0,0,1,0,0,0,0,0,0,0,0,[22320.2],3.89,5.26,7919550,10711300,3.36,5.42,-0.14,both_covering,-0.04,-0.014,-0.027,-0.013,2.14,0.62,-0.86,0.7368421052631579,0.15,0.65,1.16,1.03,0.03,-0.02,0.06,0.03,-0.02,0.06,0.16,0.252,0.071,0.458,-0.091,-0.387,1.362,1.96,0.709,0.804,2.197802197802201,0,1,0.0982,-0.5688,0.86,0.92,0.48,0.5682,-0.0882,0.8,0.33,0.7928,0.1859,2024-03-12 10:45:00,2024-03-12 10:46:00
2024-03-12,NIFTY_22400_PE,PutBuy,SIG_1,4,1,1710220500,1710223200,109.2,99.1,-10.1,-0.0,Tuesday,4,22400_PE,0,SHORT,,,,163.8,89.54400000000001,45,1,TC,22320.2,22352.15,1710220500,,4,22320.2,1.0,2.197802197802201,0.22,-0.02,0.04,-0.18,0,0,0,0,0,0,0,0,0,0,0,0,0,1,1,0,1,0,0,0,0,0,1,0,0,0,0,0,0,0,0,[22320.2],3.89,5.26,7919550,10711300,3.36,5.42,-0.14,both_covering,-0.04,-0.014,-0.027,-0.013,2.14,0.62,-0.86,0.7368421052631579,0.15,0.65,1.16,1.03,0.03,-0.02,0.06,0.03,-0.02,0.06,0.16,0.252,0.071,0.458,-0.091,-0.387,1.362,1.96,0.709,0.804,2.197802197802201,0,1,0.0982,-0.5688,0.86,0.92,0.48,0.5682,-0.0882,0.8,0.33,0.7928,0.1859,2024-03-12 10:45:00,2024-03-12 11:30:00
2024-02-28,NIFTY_22200_PE,PutBuy,SIG_1,1,1,1709097660,1709098200,145.7,210.15,64.45,-0.0,Wednesday,1,22200_PE,0,SHORT,,,,189.41,119.474,45,1,IT,22125.75,22031.4,1709097660,,4,22125.75,0.67,1.0309278350515427,0.11,-0.09,-0.07,-0.14,0,0,0,0,0,0,0,0,0,0,0,0,1,1,1,1,0,1,0,1,0,0,1,0,0,0,0,0,0,0,0,[22125.75],4.12,5.36,18078700,23539000,4.97,7.47,-0.24,put_to_call_trans,-0.001,0.006,-0.007,0.0,1.54,1.06,0.57,0.85,0.3,0.35,0.58,0.56,0.07,0.28,-0.31,0.07,0.28,-0.31,0.166,0.239,0.131,0.416,-0.073,-0.286,1.059,1.675,0.704,1.097,1.0309278350515427,0,1,-0.0907,0.0213,0.98,0.95,0.33,0.3273,0.0027,0.52,0.14,0.4044,-0.207,2024-02-28 10:51:00,2024-02-28 11:00:00
2024-02-28,NIFTY_22200_PE,PutBuy,SIG_1,2,1,1709097660,1709098080,145.7,178.25,32.55,-0.0,Wednesday,2,22200_PE,0,SHORT,,,,174.83999999999997,119.474,45,1,IT,22125.75,22078.85,1709097660,,4,22125.75,0.67,1.0309278350515427,0.11,-0.09,-0.07,-0.14,0,0,0,0,0,0,0,0,0,0,0,0,1,1,1,1,0,1,0,1,0,0,1,0,0,0,0,0,0,0,0,[22125.75],4.12,5.36,18078700,23539000,4.97,7.47,-0.24,put_to_call_trans,-0.001,0.006,-0.007,0.0,1.54,1.06,0.57,0.85,0.3,0.35,0.58,0.56,0.07,0.28,-0.31,0.07,0.28,-0.31,0.166,0.239,0.131,0.416,-0.073,-0.286,1.059,1.675,0.704,1.097,1.0309278350515427,0,1,-0.0907,0.0213,0.98,0.95,0.33,0.3273,0.0027,0.52,0.14,0.4044,-0.207,2024-02-28 10:51:00,2024-02-28 10:58:00
2024-02-28,NIFTY_22200_PE,PutBuy,SIG_1,3,1,1709097660,1709098020,145.7,174.6,28.9,-0.0,Wednesday,3,22200_PE,0,SHORT,,,,160.27,119.474,45,1,IT,22125.75,22084.2,1709097660,,4,22125.75,0.67,1.0309278350515427,0.11,-0.09,-0.07,-0.14,0,0,0,0,0,0,0,0,0,0,0,0,1,1,1,1,0,1,0,1,0,0,1,0,0,0,0,0,0,0,0,[22125.75],4.12,5.36,18078700,23539000,4.97,7.47,-0.24,put_to_call_trans,-0.001,0.006,-0.007,0.0,1.54,1.06,0.57,0.85,0.3,0.35,0.58,0.56,0.07,0.28,-0.31,0.07,0.28,-0.31,0.166,0.239,0.131,0.416,-0.073,-0.286,1.059,1.675,0.704,1.097,1.0309278350515427,0,1,-0.0907,0.0213,0.98,0.95,0.33,0.3273,0.0027,0.52,0.14,0.4044,-0.207,2024-02-28 10:51:00,2024-02-28 10:57:00
2024-02-28,NIFTY_22200_PE,PutBuy,SIG_1,4,1,1709097660,1709100360,145.7,189.45,43.75,-0.0,Wednesday,4,22200_PE,0,SHORT,,,,218.54999999999998,119.474,45,1,TC,22125.75,22056.75,1709097660,,4,22125.75,0.67,1.0309278350515427,0.11,-0.09,-0.07,-0.14,0,0,0,0,0,0,0,0,0,0,0,0,1,1,1,1,0,1,0,1,0,0,1,0,0,0,0,0,0,0,0,[22125.75],4.12,5.36,18078700,23539000,4.97,7.47,-0.24,put_to_call_trans,-0.001,0.006,-0.007,0.0,1.54,1.06,0.57,0.85,0.3,0.35,0.58,0.56,0.07,0.28,-0.31,0.07,0.28,-0.31,0.166,0.239,0.131,0.416,-0.073,-0.286,1.059,1.675,0.704,1.097,1.0309278350515427,0,1,-0.0907,0.0213,0.98,0.95,0.33,0.3273,0.0027,0.52,0.14,0.4044,-0.207,2024-02-28 10:51:00,2024-02-28 11:36:00
2024-02-26,NIFTY_22200_PE,PutBuy,SIG_1,1,1,1708925400,1708927680,178.55,175.6,-2.95,0.0,Monday,1,22200_PE,0,SHORT,,,,232.115,146.41100000000003,45,1,EC,22111.35,22111.95,1708925400,,4,22111.35,1.0,1.8867924528301883,-0.05,-0.07,-0.05,-0.14,0,0,0,0,0,0,0,0,0,0,0,0,0,0,0,0,0,0,0,0,0,0,1,0,0,0,0,0,0,0,0,[22111.35],1.77,3.16,3822400,6832800,2.3,4.93,-0.33,put_to_call_trans,0.0,0.002,-0.002,0.0,2.37,0.86,-1.4,0.10526315789473684,0.8,0.55,1.96,1.38,0.01,0.13,-0.17,0.01,0.13,-0.17,0.124,0.244,0.112,0.455,-0.121,-0.343,1.073,2.96,0.519,1.0,1.8867924528301883,0,1,0.1694,-0.6954,0.75,0.86,0.31,0.399,-0.089,0.57,0.23,1.4944,0.1982,2024-02-26 11:00:00,2024-02-26 11:38:00
2024-02-26,NIFTY_22200_PE,PutBuy,SIG_1,2,1,1708925400,1708927680,178.55,175.6,-2.95,0.0,Monday,2,22200_PE,0,SHORT,,,,214.26000000000002,146.41100000000003,45,1,EC,22111.35,22111.95,1708925400,,4,22111.35,1.0,1.8867924528301883,-0.05,-0.07,-0.05,-0.14,0,0,0,0,0,0,0,0,0,0,0,0,0,0,0,0,0,0,0,0,0,0,1,0,0,0,0,0,0,0,0,[22111.35],1.77,3.16,3822400,6832800,2.3,4.93,-0.33,put_to_call_trans,0.0,0.002,-0.002,0.0,2.37,0.86,-1.4,0.10526315789473684,0.8,0.55,1.96,1.38,0.01,0.13,-0.17,0.01,0.13,-0.17,0.124,0.244,0.112,0.455,-0.121,-0.343,1.073,2.96,0.519,1.0,1.8867924528301883,0,1,0.1694,-0.6954,0.75,0.86,0.31,0.399,-0.089,0.57,0.23,1.4944,0.1982,2024-02-26 11:00:00,2024-02-26 11:38:00
2024-02-26,NIFTY_22200_PE,PutBuy,SIG_1,3,1,1708925400,1708927680,178.55,175.6,-2.95,0.0,Monday,3,22200_PE,0,SHORT,,,,196.40500000000003,146.41100000000003,45,1,EC,22111.35,22111.95,1708925400,,4,22111.35,1.0,1.8867924528301883,-0.05,-0.07,-0.05,-0.14,0,0,0,0,0,0,0,0,0,0,0,0,0,0,0,0,0,0,0,0,0,0,1,0,0,0,0,0,0,0,0,[22111.35],1.77,3.16,3822400,6832800,2.3,4.93,-0.33,put_to_call_trans,0.0,0.002,-0.002,0.0,2.37,0.86,-1.4,0.10526315789473684,0.8,0.55,1.96,1.38,0.01,0.13,-0.17,0.01,0.13,-0.17,0.124,0.244,0.112,0.455,-0.121,-0.343,1.073,2.96,0.519,1.0,1.8867924528301883,0,1,0.1694,-0.6954,0.75,0.86,0.31,0.399,-0.089,0.57,0.23,1.4944,0.1982,2024-02-26 11:00:00,2024-02-26 11:38:00
2024-02-26,NIFTY_22200_PE,PutBuy,SIG_1,4,1,1708925400,1708927680,178.55,175.6,-2.95,0.0,Monday,4,22200_PE,0,SHORT,,,,267.82500000000005,146.41100000000003,45,1,EC,22111.35,22111.95,1708925400,,4,22111.35,1.0,1.8867924528301883,-0.05,-0.07,-0.05,-0.14,0,0,0,0,0,0,0,0,0,0,0,0,0,0,0,0,0,0,0,0,0,0,1,0,0,0,0,0,0,0,0,[22111.35],1.77,3.16,3822400,6832800,2.3,4.93,-0.33,put_to_call_trans,0.0,0.002,-0.002,0.0,2.37,0.86,-1.4,0.10526315789473684,0.8,0.55,1.96,1.38,0.01,0.13,-0.17,0.01,0.13,-0.17,0.124,0.244,0.112,0.455,-0.121,-0.343,1.073,2.96,0.519,1.0,1.8867924528301883,0,1,0.1694,-0.6954,0.75,0.86,0.31,0.399,-0.089,0.57,0.23,1.4944,0.1982,2024-02-26 11:00:00,2024-02-26 11:38:00
2024-02-22,NIFTY_22000_PE,PutBuy,SIG_1,1,1,1708576140,1708576260,111.25,127.65,16.4,0.0,Thursday,1,22000_PE,0,SHORT,,,,144.625,91.22500000000001,45,1,EC,21946.15,21932.9,1708576140,,2,21946.15,0.0,2.2222222222222254,-0.17,0.0,-0.17,-0.17,0,0,0,0,0,0,0,0,0,0,0,1,0,0,0,0,1,0,0,0,0,0,0,0,0,0,0,0,0,0,0,[21946.15],3.31,4.56,36625900,50492450,1.94,2.84,-0.25,both_build_up,0.038,0.034,0.003,0.0,1.57,1.34,2.75,0.75,0.1,0.93,0.84,1.03,-0.18,0.35,-0.82,-0.18,0.35,-0.82,0.156,0.236,0.077,0.491,-0.081,-0.414,1.541,1.915,0.613,1.073,2.2222222222222254,0,1,,,,,,,,,,,,2024-02-22 09:59:00,2024-02-22 10:01:00
2024-02-22,NIFTY_22000_PE,PutBuy,SIG_1,2,1,1708576140,1708576260,111.25,127.65,16.4,0.0,Thursday,2,22000_PE,0,SHORT,,,,133.5,91.22500000000001,45,1,EC,21946.15,21932.9,1708576140,,2,21946.15,0.0,2.2222222222222254,-0.17,0.0,-0.17,-0.17,0,0,0,0,0,0,0,0,0,0,0,1,0,0,0,0,1,0,0,0,0,0,0,0,0,0,0,0,0,0,0,[21946.15],3.31,4.56,36625900,50492450,1.94,2.84,-0.25,both_build_up,0.038,0.034,0.003,0.0,1.57,1.34,2.75,0.75,0.1,0.93,0.84,1.03,-0.18,0.35,-0.82,-0.18,0.35,-0.82,0.156,0.236,0.077,0.491,-0.081,-0.414,1.541,1.915,0.613,1.073,2.2222222222222254,0,1,,,,,,,,,,,,2024-02-22 09:59:00,2024-02-22 10:01:00
2024-02-22,NIFTY_22000_PE,PutBuy,SIG_1,3,1,1708576140,1708576200,111.25,122.9,11.65,0.0,Thursday,3,22000_PE,0,SHORT,,,,122.37500000000001,91.22500000000001,45,1,IT,21946.15,21933.65,1708576140,,2,21946.15,0.0,2.2222222222222254,-0.17,0.0,-0.17,-0.17,0,0,0,0,0,0,0,0,0,0,0,1,0,0,0,0,1,0,0,0,0,0,0,0,0,0,0,0,0,0,0,[21946.15],3.31,4.56,36625900,50492450,1.94,2.84,-0.25,both_build_up,0.038,0.034,0.003,0.0,1.57,1.34,2.75,0.75,0.1,0.93,0.84,1.03,-0.18,0.35,-0.82,-0.18,0.35,-0.82,0.156,0.236,0.077,0.491,-0.081,-0.414,1.541,1.915,0.613,1.073,2.2222222222222254,0,1,,,,,,,,,,,,2024-02-22 09:59:00,2024-02-22 10:00:00
2024-02-22,NIFTY_22000_PE,PutBuy,SIG_1,4,1,1708576140,1708576260,111.25,127.65,16.4,0.0,Thursday,4,22000_PE,0,SHORT,,,,166.875,91.22500000000001,45,1,EC,21946.15,21932.9,1708576140,,2,21946.15,0.0,2.2222222222222254,-0.17,0.0,-0.17,-0.17,0,0,0,0,0,0,0,0,0,0,0,1,0,0,0,0,1,0,0,0,0,0,0,0,0,0,0,0,0,0,0,[21946.15],3.31,4.56,36625900,50492450,1.94,2.84,-0.25,both_build_up,0.038,0.034,0.003,0.0,1.57,1.34,2.75,0.75,0.1,0.93,0.84,1.03,-0.18,0.35,-0.82,-0.18,0.35,-0.82,0.156,0.236,0.077,0.491,-0.081,-0.414,1.541,1.915,0.613,1.073,2.2222222222222254,0,1,,,,,,,,,,,,2024-02-22 09:59:00,2024-02-22 10:01:00
2024-02-12,NIFTY_21700_PE,PutBuy,SIG_1,1,1,1707719700,1707722400,164.4,168.1,3.7,-0.0,Monday,1,21700_PE,0,SHORT,,,,213.72000000000003,134.80800000000002,45,1,TC,21641.0,21635.0,1707719700,,6,21641.0,0.62,1.1695906432748537,-0.36,-0.12,-0.09,-0.23,0,0,0,0,0,0,0,0,0,0,0,0,0,1,0,0,1,0,1,0,0,0,0,0,0,0,0,0,0,0,0,[21641.0],2.31,3.97,4248800,7305900,2.37,3.89,-0.25,call_buildup,0.005,0.003,0.001,0.0,2.55,0.89,1.03,0.8,0.5,0.87,1.43,1.41,0.02,0.38,-0.47,0.02,0.38,-0.47,0.136,0.226,0.07,0.495,-0.09,-0.425,1.409,2.446,0.536,1.013,1.1695906432748537,0,1,0.0092,-0.2086,0.92,0.95,0.54,0.5744,-0.0344,0.73,0.42,1.684,0.4466,2024-02-12 12:05:00,2024-02-12 12:50:00
2024-02-12,NIFTY_21700_PE,PutBuy,SIG_1,2,1,1707719700,1707722400,164.4,168.1,3.7,-0.0,Monday,2,21700_PE,0,SHORT,,,,197.28,134.80800000000002,45,1,TC,21641.0,21635.0,1707719700,,6,21641.0,0.62,1.1695906432748537,-0.36,-0.12,-0.09,-0.23,0,0,0,0,0,0,0,0,0,0,0,0,0,1,0,0,1,0,1,0,0,0,0,0,0,0,0,0,0,0,0,[21641.0],2.31,3.97,4248800,7305900,2.37,3.89,-0.25,call_buildup,0.005,0.003,0.001,0.0,2.55,0.89,1.03,0.8,0.5,0.87,1.43,1.41,0.02,0.38,-0.47,0.02,0.38,-0.47,0.136,0.226,0.07,0.495,-0.09,-0.425,1.409,2.446,0.536,1.013,1.1695906432748537,0,1,0.0092,-0.2086,0.92,0.95,0.54,0.5744,-0.0344,0.73,0.42,1.684,0.4466,2024-02-12 12:05:00,2024-02-12 12:50:00
2024-02-12,NIFTY_21700_PE,PutBuy,SIG_1,3,1,1707719700,1707719880,164.4,181.35,16.95,-0.0,Monday,3,21700_PE,0,SHORT,,,,180.84000000000003,134.80800000000002,45,1,IT,21641.0,21619.25,1707719700,,6,21641.0,0.62,1.1695906432748537,-0.36,-0.12,-0.09,-0.23,0,0,0,0,0,0,0,0,0,0,0,0,0,1,0,0,1,0,1,0,0,0,0,0,0,0,0,0,0,0,0,[21641.0],2.31,3.97,4248800,7305900,2.37,3.89,-0.25,call_buildup,0.005,0.003,0.001,0.0,2.55,0.89,1.03,0.8,0.5,0.87,1.43,1.41,0.02,0.38,-0.47,0.02,0.38,-0.47,0.136,0.226,0.07,0.495,-0.09,-0.425,1.409,2.446,0.536,1.013,1.1695906432748537,0,1,0.0092,-0.2086,0.92,0.95,0.54,0.5744,-0.0344,0.73,0.42,1.684,0.4466,2024-02-12 12:05:00,2024-02-12 12:08:00
2024-02-12,NIFTY_21700_PE,PutBuy,SIG_1,4,1,1707719700,1707722400,164.4,168.1,3.7,-0.0,Monday,4,21700_PE,0,SHORT,,,,246.60000000000002,134.80800000000002,45,1,TC,21641.0,21635.0,1707719700,,6,21641.0,0.62,1.1695906432748537,-0.36,-0.12,-0.09,-0.23,0,0,0,0,0,0,0,0,0,0,0,0,0,1,0,0,1,0,1,0,0,0,0,0,0,0,0,0,0,0,0,[21641.0],2.31,3.97,4248800,7305900,2.37,3.89,-0.25,call_buildup,0.005,0.003,0.001,0.0,2.55,0.89,1.03,0.8,0.5,0.87,1.43,1.41,0.02,0.38,-0.47,0.02,0.38,-0.47,0.136,0.226,0.07,0.495,-0.09,-0.425,1.409,2.446,0.536,1.013,1.1695906432748537,0,1,0.0092,-0.2086,0.92,0.95,0.54,0.5744,-0.0344,0.73,0.42,1.684,0.4466,2024-02-12 12:05:00,2024-02-12 12:50:00
2024-02-12,NIFTY_21700_PE,PutBuy,SIG_2,1,1,1707722820,1707724260,178.65,196.05,17.4,-0.0,Monday,1,21700_PE,0,SHORT,,,,232.245,146.49300000000002,45,1,EC,21624.1,21600.5,1707722820,,8,21624.1,0.45,0.8968609865470878,-0.36,-0.1,-0.07,-0.2,0,0,0,0,0,0,0,0,0,0,0,1,0,0,0,0,1,0,1,0,0,1,0,0,0,0,0,0,0,0,0,[21624.1],1.12,2.44,2062650,4498550,1.16,2.4,-0.28,put_covering,-0.003,0.0,-0.002,-0.002,3.84,0.96,-0.1,0.8,0.3,0.39,0.88,1.01,-0.05,0.35,-0.6,-0.05,0.35,-0.6,0.135,0.222,0.079,0.495,-0.087,-0.416,0.882,2.342,0.491,1.464,0.8968609865470878,0,1,0.0538,-0.3668,0.89,0.95,0.51,0.5698,-0.0598,0.74,0.39,1.393,0.3835,2024-02-12 12:57:00,2024-02-12 13:21:00
2024-02-12,NIFTY_21700_PE,PutBuy,SIG_2,2,1,1707722820,1707724260,178.65,196.05,17.4,-0.0,Monday,2,21700_PE,0,SHORT,,,,214.38,146.49300000000002,45,1,EC,21624.1,21600.5,1707722820,,8,21624.1,0.45,0.8968609865470878,-0.36,-0.1,-0.07,-0.2,0,0,0,0,0,0,0,0,0,0,0,1,0,0,0,0,1,0,1,0,0,1,0,0,0,0,0,0,0,0,0,[21624.1],1.12,2.44,2062650,4498550,1.16,2.4,-0.28,put_covering,-0.003,0.0,-0.002,-0.002,3.84,0.96,-0.1,0.8,0.3,0.39,0.88,1.01,-0.05,0.35,-0.6,-0.05,0.35,-0.6,0.135,0.222,0.079,0.495,-0.087,-0.416,0.882,2.342,0.491,1.464,0.8968609865470878,0,1,0.0538,-0.3668,0.89,0.95,0.51,0.5698,-0.0598,0.74,0.39,1.393,0.3835,2024-02-12 12:57:00,2024-02-12 13:21:00
2024-02-12,NIFTY_21700_PE,PutBuy,SIG_2,3,1,1707722820,1707723000,178.65,199.65,21.0,-0.0,Monday,3,21700_PE,0,SHORT,,,,196.51500000000001,146.49300000000002,45,1,IT,21624.1,21599.7,1707722820,,8,21624.1,0.45,0.8968609865470878,-0.36,-0.1,-0.07,-0.2,0,0,0,0,0,0,0,0,0,0,0,1,0,0,0,0,1,0,1,0,0,1,0,0,0,0,0,0,0,0,0,[21624.1],1.12,2.44,2062650,4498550,1.16,2.4,-0.28,put_covering,-0.003,0.0,-0.002,-0.002,3.84,0.96,-0.1,0.8,0.3,0.39,0.88,1.01,-0.05,0.35,-0.6,-0.05,0.35,-0.6,0.135,0.222,0.079,0.495,-0.087,-0.416,0.882,2.342,0.491,1.464,0.8968609865470878,0,1,0.0538,-0.3668,0.89,0.95,0.51,0.5698,-0.0598,0.74,0.39,1.393,0.3835,2024-02-12 12:57:00,2024-02-12 13:00:00
2024-02-12,NIFTY_21700_PE,PutBuy,SIG_2,4,1,1707722820,1707724260,178.65,196.05,17.4,-0.0,Monday,4,21700_PE,0,SHORT,,,,267.975,146.49300000000002,45,1,EC,21624.1,21600.5,1707722820,,8,21624.1,0.45,0.8968609865470878,-0.36,-0.1,-0.07,-0.2,0,0,0,0,0,0,0,0,0,0,0,1,0,0,0,0,1,0,1,0,0,1,0,0,0,0,0,0,0,0,0,[21624.1],1.12,2.44,2062650,4498550,1.16,2.4,-0.28,put_covering,-0.003,0.0,-0.002,-0.002,3.84,0.96,-0.1,0.8,0.3,0.39,0.88,1.01,-0.05,0.35,-0.6,-0.05,0.35,-0.6,0.135,0.222,0.079,0.495,-0.087,-0.416,0.882,2.342,0.491,1.464,0.8968609865470878,0,1,0.0538,-0.3668,0.89,0.95,0.51,0.5698,-0.0598,0.74,0.39,1.393,0.3835,2024-02-12 12:57:00,2024-02-12 13:21:00
2024-02-09,NIFTY_21700_PE,PutBuy,SIG_1,1,1,1707456840,1707458760,212.85,173.6,-39.25,0.0,Friday,1,21700_PE,0,SHORT,,,,276.705,174.537,45,1,IS,21640.15,21685.4,1707456840,,4,21640.15,1.0,0.9090909090909038,0.05,-0.09,-0.05,-0.22,0,0,0,0,0,0,0,0,0,0,0,1,0,1,0,0,0,0,0,0,0,0,0,0,0,0,0,0,0,0,0,[21640.15],1.5,2.93,2559450,4993700,1.38,2.53,-0.23,call_buildup,0.007,0.007,-0.0,0.0,2.66,1.06,-0.51,1.0,0.1,1.08,1.63,1.67,-0.06,0.2,-0.28,-0.06,0.2,-0.28,0.145,0.2,0.068,0.49,-0.055,-0.422,1.545,2.66,0.47,1.027,0.9090909090909038,0,1,-0.1713,0.1553,0.99,0.95,0.43,0.4416,-0.0116,0.69,0.2,0.5902,0.0292,2024-02-09 11:04:00,2024-02-09 11:36:00
2024-02-09,NIFTY_21700_PE,PutBuy,SIG_1,2,1,1707456840,1707458760,212.85,173.6,-39.25,0.0,Friday,2,21700_PE,0,SHORT,,,,255.42,174.537,45,1,IS,21640.15,21685.4,1707456840,,4,21640.15,1.0,0.9090909090909038,0.05,-0.09,-0.05,-0.22,0,0,0,0,0,0,0,0,0,0,0,1,0,1,0,0,0,0,0,0,0,0,0,0,0,0,0,0,0,0,0,[21640.15],1.5,2.93,2559450,4993700,1.38,2.53,-0.23,call_buildup,0.007,0.007,-0.0,0.0,2.66,1.06,-0.51,1.0,0.1,1.08,1.63,1.67,-0.06,0.2,-0.28,-0.06,0.2,-0.28,0.145,0.2,0.068,0.49,-0.055,-0.422,1.545,2.66,0.47,1.027,0.9090909090909038,0,1,-0.1713,0.1553,0.99,0.95,0.43,0.4416,-0.0116,0.69,0.2,0.5902,0.0292,2024-02-09 11:04:00,2024-02-09 11:36:00
2024-02-09,NIFTY_21700_PE,PutBuy,SIG_1,3,1,1707456840,1707458760,212.85,173.6,-39.25,0.0,Friday,3,21700_PE,0,SHORT,,,,234.13500000000002,174.537,45,1,IS,21640.15,21685.4,1707456840,,4,21640.15,1.0,0.9090909090909038,0.05,-0.09,-0.05,-0.22,0,0,0,0,0,0,0,0,0,0,0,1,0,1,0,0,0,0,0,0,0,0,0,0,0,0,0,0,0,0,0,[21640.15],1.5,2.93,2559450,4993700,1.38,2.53,-0.23,call_buildup,0.007,0.007,-0.0,0.0,2.66,1.06,-0.51,1.0,0.1,1.08,1.63,1.67,-0.06,0.2,-0.28,-0.06,0.2,-0.28,0.145,0.2,0.068,0.49,-0.055,-0.422,1.545,2.66,0.47,1.027,0.9090909090909038,0,1,-0.1713,0.1553,0.99,0.95,0.43,0.4416,-0.0116,0.69,0.2,0.5902,0.0292,2024-02-09 11:04:00,2024-02-09 11:36:00
2024-02-09,NIFTY_21700_PE,PutBuy,SIG_1,4,1,1707456840,1707458760,212.85,173.6,-39.25,0.0,Friday,4,21700_PE,0,SHORT,,,,319.275,174.537,45,1,IS,21640.15,21685.4,1707456840,,4,21640.15,1.0,0.9090909090909038,0.05,-0.09,-0.05,-0.22,0,0,0,0,0,0,0,0,0,0,0,1,0,1,0,0,0,0,0,0,0,0,0,0,0,0,0,0,0,0,0,[21640.15],1.5,2.93,2559450,4993700,1.38,2.53,-0.23,call_buildup,0.007,0.007,-0.0,0.0,2.66,1.06,-0.51,1.0,0.1,1.08,1.63,1.67,-0.06,0.2,-0.28,-0.06,0.2,-0.28,0.145,0.2,0.068,0.49,-0.055,-0.422,1.545,2.66,0.47,1.027,0.9090909090909038,0,1,-0.1713,0.1553,0.99,0.95,0.43,0.4416,-0.0116,0.69,0.2,0.5902,0.0292,2024-02-09 11:04:00,2024-02-09 11:36:00
2024-02-08,NIFTY_21900_PE,PutBuy,SIG_1,1,1,1707370020,1707370200,90.0,104.15,14.15,-0.0,Thursday,1,21900_PE,0,SHORT,,,,117.0,73.80000000000001,45,1,EC,21849.2,21829.85,1707370020,,4,21849.2,0.33,0.9708737864077666,-0.14,-0.11,-0.06,-0.25,0,0,0,0,0,0,0,0,0,0,0,1,0,1,0,0,0,0,1,1,0,0,0,0,0,0,0,0,0,0,0,[21849.2],2.16,3.68,23938400,40778950,1.8,2.9,-0.25,both_build_up,0.018,0.008,0.009,0.0,1.53,1.12,-1.52,0.8,0.1,1.18,1.71,1.63,0.02,0.6,-1.45,0.02,0.6,-1.45,0.154,0.244,0.09,0.477,-0.089,-0.388,1.647,2.547,0.464,0.839,0.9708737864077666,0,1,0.0157,-0.3534,0.96,0.98,0.43,0.4952,-0.0652,0.71,0.28,0.6473,0.0662,2024-02-08 10:57:00,2024-02-08 11:00:00
2024-02-08,NIFTY_21900_PE,PutBuy,SIG_1,2,1,1707370020,1707370200,90.0,104.15,14.15,-0.0,Thursday,2,21900_PE,0,SHORT,,,,108.0,73.80000000000001,45,1,EC,21849.2,21829.85,1707370020,,4,21849.2,0.33,0.9708737864077666,-0.14,-0.11,-0.06,-0.25,0,0,0,0,0,0,0,0,0,0,0,1,0,1,0,0,0,0,1,1,0,0,0,0,0,0,0,0,0,0,0,[21849.2],2.16,3.68,23938400,40778950,1.8,2.9,-0.25,both_build_up,0.018,0.008,0.009,0.0,1.53,1.12,-1.52,0.8,0.1,1.18,1.71,1.63,0.02,0.6,-1.45,0.02,0.6,-1.45,0.154,0.244,0.09,0.477,-0.089,-0.388,1.647,2.547,0.464,0.839,0.9708737864077666,0,1,0.0157,-0.3534,0.96,0.98,0.43,0.4952,-0.0652,0.71,0.28,0.6473,0.0662,2024-02-08 10:57:00,2024-02-08 11:00:00
2024-02-08,NIFTY_21900_PE,PutBuy,SIG_1,3,1,1707370020,1707370140,90.0,104.3,14.3,-0.0,Thursday,3,21900_PE,0,SHORT,,,,99.00000000000001,73.80000000000001,45,1,IT,21849.2,21830.65,1707370020,,4,21849.2,0.33,0.9708737864077666,-0.14,-0.11,-0.06,-0.25,0,0,0,0,0,0,0,0,0,0,0,1,0,1,0,0,0,0,1,1,0,0,0,0,0,0,0,0,0,0,0,[21849.2],2.16,3.68,23938400,40778950,1.8,2.9,-0.25,both_build_up,0.018,0.008,0.009,0.0,1.53,1.12,-1.52,0.8,0.1,1.18,1.71,1.63,0.02,0.6,-1.45,0.02,0.6,-1.45,0.154,0.244,0.09,0.477,-0.089,-0.388,1.647,2.547,0.464,0.839,0.9708737864077666,0,1,0.0157,-0.3534,0.96,0.98,0.43,0.4952,-0.0652,0.71,0.28,0.6473,0.0662,2024-02-08 10:57:00,2024-02-08 10:59:00
2024-02-08,NIFTY_21900_PE,PutBuy,SIG_1,4,1,1707370020,1707370200,90.0,104.15,14.15,-0.0,Thursday,4,21900_PE,0,SHORT,,,,135.0,73.80000000000001,45,1,EC,21849.2,21829.85,1707370020,,4,21849.2,0.33,0.9708737864077666,-0.14,-0.11,-0.06,-0.25,0,0,0,0,0,0,0,0,0,0,0,1,0,1,0,0,0,0,1,1,0,0,0,0,0,0,0,0,0,0,0,[21849.2],2.16,3.68,23938400,40778950,1.8,2.9,-0.25,both_build_up,0.018,0.008,0.009,0.0,1.53,1.12,-1.52,0.8,0.1,1.18,1.71,1.63,0.02,0.6,-1.45,0.02,0.6,-1.45,0.154,0.244,0.09,0.477,-0.089,-0.388,1.647,2.547,0.464,0.839,0.9708737864077666,0,1,0.0157,-0.3534,0.96,0.98,0.43,0.4952,-0.0652,0.71,0.28,0.6473,0.0662,2024-02-08 10:57:00,2024-02-08 11:00:00
2024-02-08,NIFTY_21800_PE,PutBuy,SIG_2,1,1,1707381900,1707382080,102.9,80.3,-22.6,0.0,Thursday,1,21800_PE,0,SHORT,,,,133.77,84.37800000000001,45,1,IS,21720.7,21739.75,1707381900,,11,21720.7,0.06,0.6644518272425293,-0.14,-0.09,-0.08,-0.14,0,0,0,0,0,0,0,0,0,0,0,0,0,0,0,0,1,0,0,0,0,0,0,0,0,0,0,0,0,0,0,[21720.7],2.93,4.42,32398400,48907500,2.79,4.03,-0.37,both_covering,-0.039,-0.002,-0.036,-0.034,2.19,0.66,5.97,0.75,0.2,1.0,2.46,1.74,-0.22,0.83,-3.4,-0.22,0.83,-3.4,0.159,0.19,0.174,0.437,-0.031,-0.262,1.365,3.036,0.364,0.572,0.6644518272425293,0,1,0.0351,-0.3203,0.95,0.99,0.43,0.4824,-0.0524,0.65,0.32,1.2524,0.2713,2024-02-08 14:15:00,2024-02-08 14:18:00
2024-02-08,NIFTY_21800_PE,PutBuy,SIG_2,2,1,1707381900,1707382080,102.9,80.3,-22.6,0.0,Thursday,2,21800_PE,0,SHORT,,,,123.48,84.37800000000001,45,1,IS,21720.7,21739.75,1707381900,,11,21720.7,0.06,0.6644518272425293,-0.14,-0.09,-0.08,-0.14,0,0,0,0,0,0,0,0,0,0,0,0,0,0,0,0,1,0,0,0,0,0,0,0,0,0,0,0,0,0,0,[21720.7],2.93,4.42,32398400,48907500,2.79,4.03,-0.37,both_covering,-0.039,-0.002,-0.036,-0.034,2.19,0.66,5.97,0.75,0.2,1.0,2.46,1.74,-0.22,0.83,-3.4,-0.22,0.83,-3.4,0.159,0.19,0.174,0.437,-0.031,-0.262,1.365,3.036,0.364,0.572,0.6644518272425293,0,1,0.0351,-0.3203,0.95,0.99,0.43,0.4824,-0.0524,0.65,0.32,1.2524,0.2713,2024-02-08 14:15:00,2024-02-08 14:18:00
2024-02-08,NIFTY_21800_PE,PutBuy,SIG_2,3,1,1707381900,1707382080,102.9,80.3,-22.6,0.0,Thursday,3,21800_PE,0,SHORT,,,,113.19000000000001,84.37800000000001,45,1,IS,21720.7,21739.75,1707381900,,11,21720.7,0.06,0.6644518272425293,-0.14,-0.09,-0.08,-0.14,0,0,0,0,0,0,0,0,0,0,0,0,0,0,0,0,1,0,0,0,0,0,0,0,0,0,0,0,0,0,0,[21720.7],2.93,4.42,32398400,48907500,2.79,4.03,-0.37,both_covering,-0.039,-0.002,-0.036,-0.034,2.19,0.66,5.97,0.75,0.2,1.0,2.46,1.74,-0.22,0.83,-3.4,-0.22,0.83,-3.4,0.159,0.19,0.174,0.437,-0.031,-0.262,1.365,3.036,0.364,0.572,0.6644518272425293,0,1,0.0351,-0.3203,0.95,0.99,0.43,0.4824,-0.0524,0.65,0.32,1.2524,0.2713,2024-02-08 14:15:00,2024-02-08 14:18:00
2024-02-08,NIFTY_21800_PE,PutBuy,SIG_2,4,1,1707381900,1707382080,102.9,80.3,-22.6,0.0,Thursday,4,21800_PE,0,SHORT,,,,154.35000000000002,84.37800000000001,45,1,IS,21720.7,21739.75,1707381900,,11,21720.7,0.06,0.6644518272425293,-0.14,-0.09,-0.08,-0.14,0,0,0,0,0,0,0,0,0,0,0,0,0,0,0,0,1,0,0,0,0,0,0,0,0,0,0,0,0,0,0,[21720.7],2.93,4.42,32398400,48907500,2.79,4.03,-0.37,both_covering,-0.039,-0.002,-0.036,-0.034,2.19,0.66,5.97,0.75,0.2,1.0,2.46,1.74,-0.22,0.83,-3.4,-0.22,0.83,-3.4,0.159,0.19,0.174,0.437,-0.031,-0.262,1.365,3.036,0.364,0.572,0.6644518272425293,0,1,0.0351,-0.3203,0.95,0.99,0.43,0.4824,-0.0524,0.65,0.32,1.2524,0.2713,2024-02-08 14:15:00,2024-02-08 14:18:00
2024-02-08,NIFTY_21800_PE,PutBuy,SIG_3,1,1,1707382620,1707383460,106.55,126.2,19.65,0.0,Thursday,1,21800_PE,0,SHORT,,,,138.51500000000001,87.37100000000001,45,1,EC,21713.3,21686.45,1707382620,,11,21713.3,0.06,0.31948881789137795,-0.14,-0.1,-0.08,-0.15,0,0,0,0,0,0,0,0,0,0,0,0,0,0,0,0,1,0,0,0,0,0,0,0,0,0,0,0,0,0,0,[21713.3],2.16,3.97,23926850,43929950,1.98,3.51,-0.36,call_to_put_trans,0.002,-0.009,0.012,0.021,1.76,0.91,-140.83,0.6,0.1,1.35,2.21,1.86,-0.21,0.84,-3.44,-0.21,0.84,-3.44,0.164,0.19,0.182,0.425,-0.025,-0.242,1.523,2.991,0.174,0.781,0.31948881789137795,0,1,0.0321,-0.2944,0.95,0.99,0.43,0.4776,-0.0476,0.63,0.33,1.4506,0.3064,2024-02-08 14:27:00,2024-02-08 14:41:00
2024-02-08,NIFTY_21800_PE,PutBuy,SIG_3,2,1,1707382620,1707383280,106.55,129.7,23.15,0.0,Thursday,2,21800_PE,0,SHORT,,,,127.85999999999999,87.37100000000001,45,1,IT,21713.3,21682.8,1707382620,,11,21713.3,0.06,0.31948881789137795,-0.14,-0.1,-0.08,-0.15,0,0,0,0,0,0,0,0,0,0,0,0,0,0,0,0,1,0,0,0,0,0,0,0,0,0,0,0,0,0,0,[21713.3],2.16,3.97,23926850,43929950,1.98,3.51,-0.36,call_to_put_trans,0.002,-0.009,0.012,0.021,1.76,0.91,-140.83,0.6,0.1,1.35,2.21,1.86,-0.21,0.84,-3.44,-0.21,0.84,-3.44,0.164,0.19,0.182,0.425,-0.025,-0.242,1.523,2.991,0.174,0.781,0.31948881789137795,0,1,0.0321,-0.2944,0.95,0.99,0.43,0.4776,-0.0476,0.63,0.33,1.4506,0.3064,2024-02-08 14:27:00,2024-02-08 14:38:00
2024-02-08,NIFTY_21800_PE,PutBuy,SIG_3,3,1,1707382620,1707383100,106.55,117.3,10.75,0.0,Thursday,3,21800_PE,0,SHORT,,,,117.20500000000001,87.37100000000001,45,1,IT,21713.3,21698.15,1707382620,,11,21713.3,0.06,0.31948881789137795,-0.14,-0.1,-0.08,-0.15,0,0,0,0,0,0,0,0,0,0,0,0,0,0,0,0,1,0,0,0,0,0,0,0,0,0,0,0,0,0,0,[21713.3],2.16,3.97,23926850,43929950,1.98,3.51,-0.36,call_to_put_trans,0.002,-0.009,0.012,0.021,1.76,0.91,-140.83,0.6,0.1,1.35,2.21,1.86,-0.21,0.84,-3.44,-0.21,0.84,-3.44,0.164,0.19,0.182,0.425,-0.025,-0.242,1.523,2.991,0.174,0.781,0.31948881789137795,0,1,0.0321,-0.2944,0.95,0.99,0.43,0.4776,-0.0476,0.63,0.33,1.4506,0.3064,2024-02-08 14:27:00,2024-02-08 14:35:00
2024-02-08,NIFTY_21800_PE,PutBuy,SIG_3,4,1,1707382620,1707383460,106.55,126.2,19.65,0.0,Thursday,4,21800_PE,0,SHORT,,,,159.825,87.37100000000001,45,1,EC,21713.3,21686.45,1707382620,,11,21713.3,0.06,0.31948881789137795,-0.14,-0.1,-0.08,-0.15,0,0,0,0,0,0,0,0,0,0,0,0,0,0,0,0,1,0,0,0,0,0,0,0,0,0,0,0,0,0,0,[21713.3],2.16,3.97,23926850,43929950,1.98,3.51,-0.36,call_to_put_trans,0.002,-0.009,0.012,0.021,1.76,0.91,-140.83,0.6,0.1,1.35,2.21,1.86,-0.21,0.84,-3.44,-0.21,0.84,-3.44,0.164,0.19,0.182,0.425,-0.025,-0.242,1.523,2.991,0.174,0.781,0.31948881789137795,0,1,0.0321,-0.2944,0.95,0.99,0.43,0.4776,-0.0476,0.63,0.33,1.4506,0.3064,2024-02-08 14:27:00,2024-02-08 14:41:00
