,open,high,low,close,poc_price,va_l_p,va_l_poc_mid,va_l_low_mid,va_h_poc_mid,va_h_high_mid,va_h_p,balance_target,open_tpo,high_tpo,low_tpo,close_tpo,poc_price_tpo,va_l_p_tpo,va_l_poc_mid_tpo,va_l_low_mid_tpo,va_h_poc_mid_tpo,va_h_high_mid_tpo,va_h_p_tpo,balance_target_tpo,open_type,close_type,prev_week_close_to_open,weekly_close_to_close,weekly_open_to_close,weekly_close_to_high,weekly_close_to_low,start_date
0,0,0,43,87,0,15,0,132,0,0,0,0,0.0,0.0,13.0,12.0,0.0,2.0,0.0,12.0,0.0,0.0,0.0,0.0,GAP_DOWN,INSIDE_VA,-0.007519108306627054,0.005147994490403818,0.012763069700433505,0.006395658570651941,-0.01874808502885905,2022-12-23 09:15:00
1,0,0,130,70,0,2,0,31,0,0,0,0,0.0,0.0,18.0,13.0,0.0,1.0,0.0,13.0,0.0,0.0,0.0,0.0,GAP_DOWN,GAP_DOWN,-0.004131535028349953,-0.015289397720045006,-0.011204153042452925,0.004253850210110377,-0.017749291931003386,2022-12-16 09:15:00
2,0,0,62,33,32,140,38,89,68,0,103,137,0.0,0.0,16.0,10.0,10.0,13.0,10.0,15.0,8.0,0.0,8.0,16.0,INSIDE_VA,GAP_DOWN,0.0026513655741537967,-0.011709526380684565,-0.014322916666666852,0.004461923220536068,-0.01436357824214718,2022-12-09 09:15:00
3,0,0,0,0,118,0,9,0,133,1,98,0,0.0,0.0,0.0,0.0,23.0,0.0,11.0,0.0,16.0,0.0,15.0,0.0,ABOVE_VA,INSIDE_VA,-0.0025770111457724676,-0.009988910075874213,-0.007431048825750408,-0.0010052736977316235,-0.01449136608185253,2022-12-02 09:15:00
4,1,17,0,18,0,0,0,0,0,1,0,0,0.0,8.0,0.0,8.0,0.0,0.0,0.0,0.0,0.0,0.0,0.0,0.0,GAP_UP,GAP_UP,0.0007561661296986433,0.015468998538978873,0.014701715469993326,0.020154527949790557,-0.008039666314689442,2022-11-25 09:15:00
5,119,2,99,16,27,68,28,67,73,1,31,94,15.0,2.0,15.0,7.0,6.0,10.0,7.0,15.0,7.0,5.0,5.0,15.0,INSIDE_VA,GAP_UP,0.0027027174446638824,0.009875418634841315,0.007153367658618404,0.010707233791876991,-0.010911778502623815,2022-11-18 09:15:00
6,0,3,0,0,0,0,0,0,0,0,0,187,0.0,7.0,0.0,0.0,0.0,0.0,0.0,0.0,0.0,0.0,0.0,25.0,GAP_UP,GAP_UP,0.013079070437918672,0.0164638828594319,0.0033411137593140072,0.02249333987564084,0.012358307760119036,2022-11-11 09:15:00
7,0,77,0,123,35,0,14,0,30,38,58,0,0.0,13.0,0.0,13.0,7.0,1.0,13.0,0.0,11.0,13.0,13.0,0.0,INSIDE_VA,INSIDE_VA,0.00030751585368915535,-0.0006316541859555658,-0.0009388813187544143,0.013771723501691424,-0.004346778148089481,2022-11-04 09:15:00
8,0,41,0,61,0,0,0,0,0,57,45,16,0.0,7.0,0.0,7.0,0.0,0.0,0.0,0.0,0.0,7.0,4.0,2.0,ABOVE_VA,GAP_UP,-0.0001182532308471318,0.01629360587887474,0.016413800094613684,0.02366472393501695,-0.0019596249683250244,2022-10-28 09:15:00
9,0,16,0,20,0,0,0,0,18,11,25,0,0.0,6.0,0.0,3.0,1.0,0.0,0.0,0.0,3.0,6.0,6.0,0.0,GAP_UP,GAP_UP,0.0033448909992541687,0.011068030812851237,0.007697392873456943,0.014085549501540173,-0.0024681025500878917,2022-10-21 09:15:00
10,146,18,0,0,8,0,0,0,15,57,15,0,10.0,9.0,0.0,0.0,1.0,0.0,0.0,0.0,3.0,12.0,4.0,0.0,ABOVE_VA,GAP_UP,0.017925928102366706,0.03213503944526863,0.013958885367416629,0.03469126915335896,0.004777505178568786,2022-10-14 09:15:00
11,0,0,0,25,34,0,1,0,61,0,14,0,0.0,0.0,0.0,7.0,9.0,0.0,4.0,0.0,13.0,0.0,3.0,0.0,INSIDE_VA,INSIDE_VA,-0.0019139336098865645,-0.01749964636973267,-0.015615599981489203,0.0009815044153265173,-0.021365041699503706,2022-10-07 09:15:00
12,0,0,12,3,65,15,19,21,22,53,18,0,0.0,0.0,1.0,3.0,7.0,1.0,5.0,1.0,6.0,6.0,5.0,0.0,BELOW_VA,ABOVE_VA,-0.0027042912441520572,0.028304519223918856,0.03109289471099319,0.03474316654396925,-0.005693557196798649,2022-09-30 09:15:00
13,0,0,27,1,2,4,2,4,0,0,0,34,0.0,0.0,5.0,1.0,1.0,1.0,1.0,2.0,0.0,0.0,0.0,3.0,INSIDE_VA,GAP_DOWN,-0.0026077319251580633,-0.045139272726241964,-0.04264274163983439,0.0001303865962580808,-0.04825721307153974,2022-09-23 09:15:00
14,10,0,45,54,0,40,40,38,0,0,0,44,5.0,0.0,9.0,6.0,2.0,6.0,6.0,9.0,0.0,0.0,0.0,8.0,BELOW_VA,GAP_DOWN,-0.004224414317127612,-0.013006160371077047,-0.008819001168749452,0.00262976785304625,-0.02476457982464475,2022-09-16 09:15:00
15,0,17,0,5,0,0,0,0,0,0,0,28,0.0,5.0,0.0,5.0,0.0,0.0,0.0,0.0,0.0,0.0,0.0,5.0,GAP_UP,GAP_UP,0.006924118403829116,0.004056156987882087,-0.0028482398658732366,0.016631929034106818,-0.0016263953573293355,2022-09-09 09:15:00
16,128,41,0,83,91,0,27,0,135,49,91,0,18.0,7.0,0.0,11.0,11.0,0.0,8.0,0.0,18.0,7.0,7.0,0.0,INSIDE_VA,GAP_UP,0.0020013380211520992,0.013485545101276752,0.011461269206291425,0.013915419982064803,-0.00494213770230445,2022-09-02 09:15:00
17,0,0,2,20,88,6,8,1,73,0,9,0,0.0,0.0,3.0,8.0,12.0,3.0,5.0,1.0,12.0,0.0,3.0,0.0,INSIDE_VA,INSIDE_VA,0.0063455980626219155,0.003144240984224389,-0.0031811706480960877,0.015389931574919302,-0.019533704207171487,2022-08-26 09:15:00
18,27,33,52,38,8,52,2,84,7,57,30,0,9.0,2.0,16.0,2.0,2.0,5.0,2.0,7.0,2.0,2.0,2.0,0.0,GAP_UP,GAP_DOWN,0.00011689753930665958,-0.025397382051774442,-0.025511297383192577,0.001544717483696889,-0.03447085772177827,2022-08-19 09:15:00
19,0,60,0,10,0,0,0,0,0,10,0,0,0.0,7.0,0.0,4.0,0.0,0.0,0.0,0.0,0.0,4.0,0.0,0.0,ABOVE_VA,GAP_UP,0.0011905673053209664,0.018470801336836873,0.01725968521459942,0.018697576061660115,-0.002313102193195249,2022-08-12 09:15:00
20,0,28,0,11,0,0,0,0,0,94,60,151,0.0,13.0,0.0,6.0,0.0,0.0,0.0,0.0,0.0,9.0,7.0,12.0,ABOVE_VA,GAP_UP,0.0034352683713430032,0.01581720801658615,0.012339549979481834,0.020461875143976016,-0.000878253858557887,2022-08-05 09:15:00
21,0,0,0,0,0,0,0,0,0,0,0,0,0.0,0.0,0.0,0.0,0.0,0.0,0.0,0.0,0.0,0.0,0.0,0.0,GAP_UP,GAP_UP,0.009304428245986873,0.026116812088369912,0.016657396293802584,0.033604084611498,0.005678980974527459,2022-07-29 09:15:00
22,0,45,0,112,84,0,0,0,84,52,54,0,0.0,14.0,0.0,14.0,11.0,0.0,0.0,0.0,13.0,14.0,14.0,0.0,GAP_UP,GAP_UP,0.0030975689051042643,0.018799142674806424,0.015653087253357345,0.02034040144974658,-0.010298137244277417,2022-07-22 09:15:00
23,29,28,0,44,1,13,0,29,30,40,34,0,8.0,8.0,0.0,5.0,2.0,3.0,2.0,5.0,6.0,8.0,6.0,0.0,BELOW_VA,GAP_UP,0.003940945387965078,0.04150063174263763,0.037412246733455,0.04257600506648185,-0.0012948372674859154,2022-07-15 09:15:00
24,0,125,0,110,0,0,0,0,13,72,39,0,0.0,14.0,0.0,14.0,0.0,0.0,0.0,0.0,2.0,8.0,8.0,0.0,GAP_UP,INSIDE_VA,0.008349391842070952,-0.01183166138956182,-0.020013948929711423,0.008464021711516834,-0.017392759109976397,2022-07-08 09:15:00
25,21,48,36,45,8,34,72,48,29,31,78,66,7.0,9.0,6.0,8.0,8.0,7.0,9.0,8.0,7.0,9.0,7.0,9.0,BELOW_VA,GAP_UP,-0.002046276348985354,0.02561022883978681,0.027713214083305182,0.0263473967170611,-0.014288982517682514,2022-07-01 09:15:00
26,0,67,0,0,0,0,0,0,0,20,0,0,0.0,11.0,0.0,0.0,0.0,0.0,0.0,0.0,0.0,5.0,0.0,0.0,ABOVE_VA,GAP_UP,0.0051259665351739425,0.01016526989160682,0.005013603791178545,0.02246181203077513,0.0026897682883382235,2022-06-24 09:15:00
27,0,0,62,45,0,85,16,74,0,0,0,0,0.0,0.0,13.0,13.0,0.0,10.0,6.0,11.0,0.0,0.0,0.0,2.0,GAP_DOWN,INSIDE_VA,-0.004922401323933845,0.01494312036590606,0.019963791483468718,0.023393622704942496,-0.010737415462399591,2022-06-17 09:16:00
28,0,0,22,0,0,2,0,30,0,0,0,0,0.0,0.0,6.0,0.0,0.0,2.0,0.0,3.0,0.0,0.0,0.0,0.0,BELOW_VA,GAP_DOWN,-0.012004150032156602,-0.06877889550898564,-0.05746455866052158,-0.009531725903723975,-0.06957371160916881,2022-06-10 09:16:00
29,31,16,0,9,27,58,24,150,9,18,16,0,9.0,5.0,0.0,4.0,5.0,8.0,9.0,16.0,4.0,5.0,3.0,0.0,GAP_UP,BELOW_VA,0.007468114008198468,-0.009352422854532638,-0.016695850348862007,0.009403512568069372,-0.02365453736761758,2022-06-03 09:16:00
30,0,0,0,0,0,0,0,0,0,35,46,4,0.0,1.0,0.0,3.0,0.0,0.0,0.0,0.0,3.0,5.0,4.0,3.0,ABOVE_VA,GAP_UP,0.005866722628390608,0.026901747055065872,0.02091233754280042,0.03048782369588099,0.0012591387861038417,2022-05-27 09:16:00
31,5,10,0,0,56,0,0,0,67,55,88,0,6.0,4.0,0.0,0.0,3.0,0.0,0.0,0.0,8.0,8.0,15.0,0.0,INSIDE_VA,ABOVE_VA,0.013605248776727974,0.02357148046713342,0.009832458644460695,0.03703773900792551,0.004754097842808447,2022-05-20 09:16:00
32,0,0,2,71,60,42,57,101,4,0,0,0,0.0,0.0,4.0,12.0,4.0,4.0,6.0,13.0,1.0,0.0,0.0,0.0,BELOW_VA,BELOW_VA,0.009512556511409587,0.0001263707274847814,-0.009297740501971519,0.03622732830167208,-0.005484489572835427,2022-05-13 09:16:00
33,0,0,0,0,0,0,0,0,0,0,0,0,0.0,0.0,0.0,0.0,0.0,0.0,0.0,0.0,0.0,0.0,0.0,0.0,GAP_DOWN,GAP_DOWN,-0.015216687063566381,-0.050557315288076166,-0.03588670498399371,-0.011098313056415399,-0.055998488229789145,2022-05-06 09:16:00
34,6,31,55,7,1,88,14,52,4,19,14,0,3.0,6.0,8.0,3.0,1.0,8.0,5.0,8.0,1.0,4.0,3.0,0.0,GAP_UP,GAP_DOWN,0.005681504931418724,-0.03262367719302306,-0.03808878053002862,0.008490338830097643,-0.03524970475325484,2022-04-29 09:16:00
35,62,0,0,0,87,89,65,34,34,0,31,0,12.0,0.0,0.0,0.0,11.0,11.0,11.0,7.0,12.0,0.0,9.0,0.0,INSIDE_VA,INSIDE_VA,-0.00904305147671558,-0.009698220125171741,-0.0006611474387786531,-0.004459744484227035,-0.029390635686001643,2022-04-22 09:16:00
36,0,0,0,0,0,0,0,0,0,0,0,59,0.0,0.0,0.0,0.0,0.0,0.0,0.0,0.0,0.0,0.0,0.0,12.0,GAP_DOWN,GAP_DOWN,-0.016258812820417412,-0.003855743110757537,0.012608061826932193,-0.003019902733369828,-0.036797013874377726,2022-04-18 09:16:00
37,5,0,3,56,0,74,0,16,0,0,0,0,10.0,0.0,6.0,11.0,0.0,10.0,2.0,6.0,0.0,0.0,0.0,0.0,BELOW_VA,BELOW_VA,0.0024355499670067893,-0.010631458809469252,-0.013035260747592314,0.010625794739778316,-0.01205314030183846,2022-04-08 09:16:00
38,0,9,0,8,9,0,0,0,48,3,25,27,0.0,6.0,0.0,1.0,1.0,0.0,0.0,0.0,5.0,6.0,4.0,9.0,INSIDE_VA,GAP_UP,-0.0018232558139533728,0.010670483005366771,0.01251655970958132,0.03697459749552778,-0.0026361359570661325,2022-04-01 09:16:00
39,9,18,6,59,29,42,124,30,60,0,63,135,4.0,10.0,3.0,10.0,8.0,8.0,10.0,6.0,7.0,2.0,7.0,14.0,INSIDE_VA,GAP_UP,0.005332232385316438,0.01578445453646804,0.01039678408236444,0.021078890290917807,-0.011245951399347476,2022-03-25 09:16:00
40,0,33,0,66,0,0,0,0,0,49,0,0,0.0,7.0,0.0,14.0,0.0,0.0,0.0,0.0,0.0,9.0,0.0,0.0,ABOVE_VA,ABOVE_VA,0.0024555953734153313,-0.005191747579835759,-0.0076286101734037715,0.00898649567161569,-0.016240480590962614,2022-03-21 09:16:00
41,0,43,0,18,0,0,0,0,0,3,0,0,0.0,6.0,0.0,7.0,0.0,0.0,0.0,0.0,0.0,4.0,0.0,0.0,ABOVE_VA,GAP_UP,-0.0022636315894315473,0.04350699914887457,0.045874473645999725,0.04698091909478874,-0.005758678763513769,2022-03-11 09:16:00
42,10,0,37,20,24,13,21,6,32,2,26,0,3.0,0.0,6.0,2.0,5.0,2.0,3.0,2.0,4.0,0.0,4.0,0.0,GAP_DOWN,INSIDE_VA,-0.010255167714090963,0.0034860301355341683,0.013883576252566643,0.01505565230559558,-0.050718558340274056,2022-03-04 09:16:00
43,0,0,0,0,0,0,0,67,0,0,0,0,0.0,0.0,0.0,0.0,0.0,0.0,0.0,12.0,0.0,0.0,0.0,0.0,BELOW_VA,BELOW_VA,0.018368762621202128,0.01794330286260415,-0.0004177855549131193,0.03688242820366572,0.008543108630975293,2022-02-25 09:16:00
44,0,0,0,82,6,17,43,66,0,0,0,0,0.0,0.0,0.0,9.0,2.0,5.0,8.0,5.0,0.0,0.0,0.0,0.0,INSIDE_VA,GAP_DOWN,-0.0025520611800246007,-0.06148094779269864,-0.05907966152337685,0.0058246022169945455,-0.06232006087910125,2022-02-18 09:16:00
45,0,0,31,0,0,10,112,3,0,0,0,0,0.0,0.0,8.0,0.0,0.0,4.0,14.0,2.0,0.0,0.0,0.0,0.0,INSIDE_VA,INSIDE_VA,-0.007730163558775205,-0.017444753069747687,-0.009790269898573012,-0.005478493996969425,-0.04419754420180866,2022-02-11 09:16:00
46,60,0,7,72,3,62,29,93,73,0,0,0,7.0,0.0,3.0,10.0,5.0,7.0,5.0,9.0,10.0,0.0,0.0,0.0,INSIDE_VA,INSIDE_VA,0.003992522937743548,0.0038070233016080923,-0.0001847619697331604,0.006803555885332768,-0.02720280817910692,2022-02-04 09:16:00
47,33,77,0,22,18,0,0,0,19,61,39,0,8.0,7.0,0.0,2.0,2.0,0.0,0.0,0.0,3.0,10.0,6.0,0.0,INSIDE_VA,ABOVE_VA,0.003440373659566287,0.021630620491798647,0.018127880150857534,0.037628358008781726,-0.004210084376621848,2022-01-28 09:16:00
48,0,0,39,0,0,0,0,0,0,0,0,0,0.0,0.0,6.0,0.0,0.0,0.0,0.0,0.0,0.0,0.0,0.0,0.0,GAP_DOWN,GAP_DOWN,-0.009517543489690916,-0.035632445685333525,-0.02636584022664179,-0.004237204738246625,-0.053205458037052455,2022-01-21 09:16:00
49,32,78,24,119,45,21,9,35,98,75,78,0,4.0,13.0,2.0,13.0,9.0,7.0,4.0,4.0,13.0,13.0,13.0,0.0,INSIDE_VA,BELOW_VA,-0.0040282497788707294,-0.02604807062992398,-0.022108880945834408,0.005060642822130035,-0.03341448253010226,2022-01-14 09:16:00
50,0,42,0,18,2,0,0,0,29,39,54,49,0.0,8.0,0.0,3.0,3.0,0.0,0.0,0.0,6.0,8.0,8.0,10.0,INSIDE_VA,GAP_UP,0.0029076975092978685,0.028882565085089462,0.02589955949116729,0.029654570043953665,-0.0023357376310154665,2022-01-07 09:16:00
51,0,2,0,0,0,0,0,0,1,2,1,18,0.0,1.0,0.0,0.0,0.0,0.0,0.0,0.0,0.0,1.0,1.0,5.0,INSIDE_VA,GAP_UP,0.0009025506487625456,0.03001053459438907,0.029081736205746722,0.041543448672147765,0.0005542995945777562,2021-12-31 09:16:00
52,278,278,0,42,43,0,9,0,63,47,1,0,21.0,21.0,0.0,8.0,8.0,0.0,6.0,0.0,6.0,18.0,3.0,0.0,ABOVE_VA,ABOVE_VA,0.005773837974787588,0.010433375070743489,0.0046327881279337735,0.013776277707238105,-0.012776339287023264,2021-12-24 09:16:00
53,0,0,1,1,1,6,2,3,0,0,0,48,0.0,0.0,1.0,0.0,0.0,1.0,1.0,1.0,0.0,0.0,0.0,10.0,INSIDE_VA,GAP_DOWN,-0.0005553755727309984,-0.013569097977507272,-0.01302095392451963,0.000726037858101769,-0.05064331003841338,2021-12-17 09:16:00
54,73,13,0,19,37,0,71,0,38,19,26,0,8.0,5.0,0.0,6.0,9.0,3.0,15.0,0.0,8.0,5.0,5.0,0.0,INSIDE_VA,INSIDE_VA,-0.001519769863420839,-0.01240097928028061,-0.010897771521596766,0.007818816007861606,-0.018151537052960576,2021-12-10 09:16:00
55,18,103,0,82,48,15,63,5,68,21,48,36,6.0,13.0,0.0,13.0,7.0,3.0,6.0,2.0,10.0,3.0,6.0,7.0,GAP_UP,GAP_UP,0.001344711662787823,0.0058127172944861805,0.004462005520835088,0.00814584949573316,-0.029296325029451453,2021-12-03 09:16:00
56,0,0,20,0,0,12,0,77,0,0,0,0,0.0,0.0,13.0,0.0,0.0,2.0,0.0,9.0,0.0,0.0,0.0,0.0,BELOW_VA,INSIDE_VA,-0.011868125605516644,-0.008292015729184476,0.003619061351020081,-0.007217758021314302,-0.043574400182367246,2021-11-26 09:16:00
57,0,0,4,1,0,0,0,1,0,0,0,0,0.0,0.0,1.0,0.0,0.0,0.0,0.0,0.0,0.0,0.0,0.0,0.0,BELOW_VA,GAP_DOWN,0.0028740085374958646,-0.011172003775658301,-0.01400575964037365,0.0033811865147010955,-0.029819247404235028,2021-11-22 09:16:00
58,109,115,33,13,36,7,122,13,44,78,59,0,12.0,13.0,4.0,4.0,10.0,4.0,12.0,3.0,7.0,13.0,13.0,0.0,INSIDE_VA,GAP_DOWN,0.00514099291890413,-0.007849868469974597,-0.012924417052331716,0.018143036456600647,-0.01102280319697646,2021-11-12 09:16:00
59,0,46,0,32,36,0,11,0,38,54,88,0,0.0,13.0,0.0,10.0,10.0,0.0,7.0,0.0,7.0,12.0,9.0,0.0,GAP_UP,INSIDE_VA,0.0067693887459610025,-0.0018555826529530473,-0.008566978193146335,0.010809815334646533,-0.006735904547712224,2021-11-08 09:16:00
60,0,0,84,80,0,0,0,122,0,0,0,0,0.0,0.0,13.0,14.0,0.0,0.0,0.0,15.0,0.0,0.0,0.0,0.0,BELOW_VA,BELOW_VA,-0.0016710612498531674,0.003134989279456324,0.004814095177213318,0.008360904444407069,-0.01398429146443203,2021-10-29 09:16:00
61,0,0,33,69,0,67,0,126,0,0,0,0,0.0,0.0,10.0,12.0,0.0,12.0,0.0,17.0,0.0,0.0,0.0,0.0,BELOW_VA,GAP_DOWN,0.0006092340117238582,-0.01957781729565944,-0.020174760157317007,0.006720784210410891,-0.02306033063294466,2021-10-22 09:16:00
62,0,21,0,36,0,0,0,0,0,33,40,0,0.0,6.0,0.0,6.0,0.0,0.0,0.0,0.0,0.0,5.0,5.0,0.0,GAP_UP,ABOVE_VA,0.008781807127413943,-0.006513423541568475,-0.015162080204971895,0.014471851050081641,-0.01587050583318106,2021-10-18 09:16:00
63,0,71,0,0,0,0,0,0,0,69,65,52,0.0,13.0,0.0,0.0,0.0,0.0,0.0,0.0,0.0,13.0,11.0,13.0,GAP_UP,GAP_UP,0.005040132830256283,0.030448695437190754,0.025281142291683656,0.03110610406722425,0.002357118976914707,2021-10-08 09:16:00
64,0,0,1,1,25,88,35,19,0,0,0,0,0.0,0.0,2.0,3.0,5.0,11.0,12.0,5.0,5.0,0.0,2.0,0.0,GAP_DOWN,INSIDE_VA,-0.004358653275520874,0.01070496602522053,0.015129563823658598,0.015671275197133072,-0.008845084660096036,2021-10-01 09:16:00
65,105,98,0,37,1,0,0,0,30,27,126,0,14.0,15.0,0.0,15.0,3.0,0.0,0.0,0.0,11.0,11.0,12.0,0.0,GAP_UP,INSIDE_VA,0.003991293762586778,-0.012209488228067444,-0.016136376969903443,0.006807357668164649,-0.014035442015449151,2021-09-24 09:16:00
66,0,51,0,49,35,2,13,0,65,106,83,0,0.0,11.0,0.0,11.0,6.0,2.0,5.0,0.0,7.0,15.0,15.0,0.0,GAP_UP,GAP_UP,0.0046574821798832655,0.011274964473225069,0.0065868043693690925,0.012273401578778875,-0.017101071901653997,2021-09-17 09:16:00
67,15,17,0,94,46,28,52,0,47,108,26,29,3.0,7.0,0.0,10.0,9.0,3.0,7.0,2.0,10.0,8.0,8.0,5.0,INSIDE_VA,GAP_UP,0.00031397445572967086,0.015523012311255302,0.015204264104978549,0.01650526267275798,-0.005124408777458234,2021-09-13 09:16:00
68,0,29,0,24,0,0,0,0,0,24,13,0,0.0,7.0,0.0,7.0,0.0,0.0,0.0,0.0,0.0,7.0,3.0,0.0,GAP_UP,GAP_UP,0.0016595247144428615,0.0072096484534796,0.00554092843136389,0.011758835083280905,-0.0012562486037651643,2021-09-03 09:16:00
69,0,52,0,31,23,0,4,0,12,78,77,34,0.0,5.0,0.0,3.0,3.0,0.0,1.0,0.0,7.0,5.0,5.0,6.0,INSIDE_VA,GAP_UP,0.0006373275532933764,0.036189382483713395,0.03552941105780061,0.03688984153992769,-0.003989309732172264,2021-08-27 09:16:00
70,11,11,11,43,50,103,48,91,30,78,9,3,8.0,11.0,8.0,8.0,8.0,13.0,11.0,14.0,5.0,16.0,8.0,8.0,GAP_DOWN,ABOVE_VA,-0.010234474592040854,0.004836302780949486,0.015226613764687924,0.00969979277303512,-0.010624157951655278,2021-08-20 09:16:00
71,0,0,0,0,0,0,0,0,0,0,0,1,0.0,0.0,0.0,0.0,0.0,0.0,0.0,0.0,0.0,0.0,0.0,0.0,GAP_UP,GAP_UP,0.0014882634990389665,0.01164634947605192,0.010142990534429464,0.020811241126190483,0.0009137387807240938,2021-08-13 09:16:00
72,0,132,0,110,133,0,0,0,133,146,162,0,0.0,16.0,0.0,22.0,22.0,0.0,0.0,0.0,19.0,16.0,15.0,0.0,INSIDE_VA,GAP_UP,0.0013880529179821632,0.004885823434755521,0.003492922155982514,0.00575489196526191,-0.007324128781829975,2021-08-06 09:16:00
73,56,0,0,23,13,0,20,0,73,42,129,9,9.0,9.0,0.0,6.0,9.0,1.0,5.0,0.0,8.0,9.0,9.0,2.0,INSIDE_VA,GAP_UP,0.0009977921868120632,0.03148271918960255,0.030454539701023853,0.03567027877996942,-0.002534075395078217,2021-07-30 09:16:00
74,0,0,6,80,76,18,20,19,55,0,217,0,0.0,0.0,2.0,19.0,13.0,5.0,7.0,5.0,19.0,0.0,18.0,0.0,ABOVE_VA,INSIDE_VA,0.0018385488731780253,-0.002707279010848107,-0.004537485495181848,0.004555304940073279,-0.019854432419113333,2021-07-23 09:16:00
75,47,30,34,69,27,57,7,47,126,36,0,40,6.0,5.0,6.0,7.0,11.0,6.0,5.0,6.0,11.0,7.0,5.0,4.0,GAP_UP,INSIDE_VA,0.0023648457668319356,-0.005841451694963196,-0.008186936619387297,0.002609809870169011,-0.02149088921969522,2021-07-16 09:16:00
76,101,13,5,10,26,21,84,106,75,4,6,0,11.0,8.0,8.0,9.0,11.0,9.0,12.0,11.0,6.0,8.0,8.0,0.0,BELOW_VA,GAP_UP,-0.0025273397761953476,0.012252034587995952,0.014816821506541622,0.014264369277721345,-0.006056078331637793,2021-07-09 09:16:00
77,232,43,78,59,246,48,13,73,158,42,91,0,20.0,8.0,7.0,10.0,20.0,8.0,6.0,10.0,20.0,10.0,18.0,0.0,BELOW_VA,INSIDE_VA,0.0008028929635353066,0.002214327816099315,0.0014103025305856054,0.014079301610565143,-0.003651251334172323,2021-07-02 09:16:00
78,53,11,0,91,60,0,33,0,88,27,81,0,13.0,7.0,0.0,19.0,12.0,0.0,9.0,0.0,19.0,17.0,17.0,0.0,INSIDE_VA,INSIDE_VA,0.002890393004805647,-0.00636013093828558,-0.009223863352978534,0.007721433229705532,-0.008019020242248542,2021-06-25 09:16:00
79,73,0,66,44,80,31,114,31,51,49,62,0,16.0,0.0,9.0,11.0,16.0,11.0,17.0,7.0,12.0,5.0,7.0,0.0,INSIDE_VA,INSIDE_VA,0.004769891019468453,0.007142082809899364,0.002360930409672335,0.013649668084455113,-0.014717792076114233,2021-06-18 09:16:00
80,37,168,0,47,124,27,63,7,71,85,24,128,10.0,16.0,0.0,16.0,13.0,8.0,10.0,2.0,16.0,16.0,16.0,8.0,ABOVE_VA,INSIDE_VA,0.00325814615929354,-0.004029812354915618,-0.007264290394360717,0.009936393111529718,-0.00880588625703782,2021-06-11 09:16:00
81,0,135,0,116,0,0,0,0,3,77,23,0,0.0,24.0,0.0,24.0,0.0,0.0,0.0,0.0,1.0,18.0,6.0,0.0,GAP_UP,GAP_UP,0.0015042482264531198,0.0035853374041519004,0.0020779634049323814,0.0071101224432561505,-0.007776198458782968,2021-06-04 09:16:00
82,0,2,0,0,0,0,0,0,0,0,0,23,0.0,0.0,0.0,0.0,0.0,0.0,0.0,0.0,0.0,0.0,0.0,8.0,GAP_UP,GAP_UP,0.0033213729208889653,0.020738249138752662,0.017359219775374024,0.021792240153804654,0.0002504855190093025,2021-05-28 09:16:00
83,0,3,0,0,92,0,0,0,14,2,11,0,0.0,5.0,0.0,0.0,5.0,0.0,0.0,0.0,5.0,5.0,5.0,0.0,INSIDE_VA,GAP_UP,0.004540869501107547,0.030167459224332394,0.02551074874231052,0.031132603443017937,0.004410172888160702,2021-05-21 09:16:00
84,23,8,41,31,26,10,12,54,14,17,31,73,5.0,6.0,7.0,7.0,5.0,4.0,2.0,7.0,5.0,5.0,5.0,7.0,INSIDE_VA,ABOVE_VA,0.0034458712475551323,0.015055702015477568,0.011569962167952585,0.029832468747342356,-0.0072693256229271475,2021-05-14 09:16:00
85,41,74,0,47,0,0,0,0,2,34,29,0,10.0,15.0,0.0,7.0,0.0,0.0,0.0,0.0,1.0,10.0,4.0,0.0,ABOVE_VA,INSIDE_VA,0.005677653191431542,-0.002338256454809562,-0.00797065503126515,0.015862134498954683,-0.005667472103819904,2021-05-07 09:16:00
86,0,0,0,0,0,28,142,0,0,0,0,0,0.0,0.0,0.0,0.0,0.0,6.0,13.0,0.0,0.0,0.0,0.0,0.0,INSIDE_VA,INSIDE_VA,-0.009487124377040135,-0.010437515951801979,-0.0009594944176410936,-0.002226535738753088,-0.03172561557164544,2021-04-30 09:16:00
87,15,1,0,68,33,0,6,0,29,21,26,0,5.0,2.0,0.0,6.0,5.0,0.0,1.0,0.0,6.0,6.0,5.0,0.0,INSIDE_VA,GAP_UP,-0.005024759179648175,0.03402390493586216,0.039245865136618985,0.04484085368818014,-0.008709119573294899,2021-04-23 09:16:00
88,0,0,58,6,27,46,87,119,13,0,0,0,0.0,0.0,10.0,3.0,3.0,11.0,11.0,11.0,1.0,0.0,1.0,0.0,ABOVE_VA,INSIDE_VA,0.0006991377301328594,-0.013071133836895177,-0.013760650976739064,0.007423197664057524,-0.03002179664688065,2021-04-16 09:16:00
89,3,0,56,47,0,1,0,13,17,0,0,90,3.0,0.0,12.0,6.0,0.0,0.0,0.0,6.0,6.0,0.0,2.0,11.0,INSIDE_VA,BELOW_VA,0.0003461603091916565,-0.01936481263653167,-0.01970415215032273,0.002752478575029471,-0.042265165518400205,2021-04-09 09:16:00
90,18,38,0,23,34,28,44,27,50,14,9,0,2.0,8.0,0.0,8.0,7.0,9.0,9.0,5.0,8.0,8.0,5.0,0.0,INSIDE_VA,INSIDE_VA,-0.0019003158223994676,0.0007769432831403744,0.0026823564299047753,0.007951055936552986,-0.027341004106700262,2021-04-05 09:16:00
91,47,9,0,0,5,35,1,0,163,69,20,0,7.0,5.0,0.0,0.0,1.0,7.0,3.0,0.0,15.0,6.0,6.0,0.0,INSIDE_VA,ABOVE_VA,0.011145653264930555,0.03621466012379426,0.02479267628547599,0.037417052361568226,0.004729409468577472,2021-03-26 09:16:00
92,0,0,17,48,26,66,68,114,0,0,0,42,0.0,0.0,6.0,11.0,6.0,11.0,11.0,11.0,0.0,0.0,0.0,5.0,GAP_DOWN,GAP_DOWN,-0.007717520245205334,-0.01627159088571495,-0.008620600297833958,0.020221205866823855,-0.02189430665743264,2021-03-19 09:16:00
93,29,23,70,1,50,36,96,47,9,4,10,81,11.0,2.0,12.0,2.0,8.0,11.0,10.0,11.0,5.0,2.0,1.0,13.0,GAP_UP,GAP_DOWN,0.010086925564422922,-0.03853139637991443,-0.048132809873932425,0.011085728978154963,-0.04546038903887417,2021-03-12 09:16:00
94,0,0,0,45,0,0,0,0,32,47,56,0,0.0,0.0,0.0,10.0,0.0,0.0,0.0,0.0,13.0,7.0,10.0,0.0,INSIDE_VA,ABOVE_VA,-0.007237947524880384,0.005368807229993777,0.01269866704054956,0.008702770238249169,-0.014916667495186275,2021-03-05 09:16:00
95,29,51,23,33,27,54,45,58,21,25,37,0,8.0,8.0,6.0,10.0,11.0,7.0,8.0,7.0,5.0,10.0,7.0,0.0,INSIDE_VA,ABOVE_VA,-0.01424807002211359,-0.0011023715886068208,0.013335706513708523,0.011212410121956173,-0.042111918854857655,2021-02-26 09:16:00
96,0,0,91,53,0,2,0,88,0,0,0,72,0.0,0.0,12.0,12.0,0.0,2.0,0.0,10.0,0.0,0.0,0.0,9.0,GAP_DOWN,BELOW_VA,-0.0029696356409188995,-0.0010516081668288102,0.0019237402817948723,0.003756688294079824,-0.04068863800207678,2021-02-19 09:16:00
97,0,42,0,26,48,0,15,0,69,41,39,15,0.0,15.0,0.0,14.0,7.0,0.0,6.0,0.0,14.0,15.0,15.0,4.0,INSIDE_VA,INSIDE_VA,0.0006292561270109243,-0.0037524750191906264,-0.004378975648944405,0.016808716020992875,-0.006496822421285353,2021-02-12 09:16:00
98,0,37,0,7,0,0,0,0,0,50,76,0,0.0,7.0,0.0,5.0,0.0,0.0,0.0,0.0,2.0,7.0,7.0,0.0,GAP_UP,GAP_UP,0.004237885758420434,0.01928540246482413,0.014984016157725044,0.024688538903254065,-0.0016622452063534965,2021-02-05 09:16:00
99,23,41,18,58,0,4,8,33,10,40,39,0,4.0,8.0,6.0,8.0,0.0,1.0,2.0,6.0,4.0,8.0,8.0,0.0,BELOW_VA,GAP_UP,0.009178892526999327,0.07740733370719433,0.06760787575466409,0.07915845076792283,-0.01613632663398401,2021-01-29 09:16:00
100,14,0,10,0,22,36,49,29,24,0,0,1,2.0,0.0,3.0,0.0,5.0,8.0,9.0,4.0,3.0,0.0,0.0,3.0,INSIDE_VA,GAP_DOWN,-0.0032124890638670633,-0.05540860126859137,-0.05236433204876778,-0.0007176837270340686,-0.06268796478565175,2021-01-22 09:16:00
101,5,38,2,34,58,34,75,48,36,38,55,0,3.0,5.0,3.0,9.0,8.0,9.0,9.0,7.0,9.0,9.0,9.0,0.0,INSIDE_VA,ABOVE_VA,-1.7129623285372375e-05,0.0024529620544584407,0.0024701339902084563,0.010891014484809336,-0.025475175749934964,2021-01-15 09:16:00
102,0,32,0,0,0,0,0,0,0,0,0,1,0.0,5.0,0.0,0.0,0.0,0.0,0.0,0.0,0.0,0.0,0.0,4.0,GAP_UP,GAP_UP,0.007771169280027079,0.03153348953418922,0.023579083207092122,0.035685887853439846,0.0051737116079852985,2021-01-08 09:16:00
103,0,81,0,2,0,0,0,0,2,9,3,94,0.0,10.0,0.0,1.0,1.0,0.0,0.0,0.0,1.0,9.0,1.0,13.0,ABOVE_VA,GAP_UP,0.002212357700293488,0.012991336722274038,0.010755184706277454,0.020709529605498656,-0.0009486647096728085,2021-01-01 09:16:00
104,0,0,0,0,0,0,0,0,0,0,0,0,0.0,0.0,0.0,0.0,0.0,0.0,0.0,0.0,0.0,0.0,0.0,0.0,GAP_UP,GAP_UP,0.00544016185846119,0.01649151407528171,0.010991556371085398,0.020701726296177725,0.005178160752234318,2020-12-28 09:16:00
105,62,20,18,109,50,27,21,15,17,113,18,34,8.0,13.0,5.0,17.0,8.0,6.0,7.0,6.0,3.0,17.0,6.0,5.0,ABOVE_VA,ABOVE_VA,0.002151461428410162,0.0004040815880770321,-0.0017436284908894928,0.003105239591258746,-0.04393204148570973,2020-12-18 09:16:00
106,0,105,0,36,0,0,0,0,9,137,41,102,0.0,18.0,0.0,12.0,1.0,0.0,0.0,0.0,6.0,17.0,12.0,7.0,ABOVE_VA,GAP_UP,0.0022808950009456375,0.01878864077201814,0.01647017902207626,0.021636977943930935,-0.005837607693477298,2020-12-11 09:16:00
107,0,14,0,0,0,0,0,0,0,10,0,14,0.0,6.0,0.0,0.0,0.0,0.0,0.0,0.0,0.0,5.0,2.0,6.0,ABOVE_VA,GAP_UP,0.0031058264695582594,0.02625869707534667,0.023081184452168113,0.03138559444605149,0.001237001963978468,2020-12-04 09:16:00
108,0,73,0,57,0,0,0,0,12,127,48,0,0.0,14.0,0.0,10.0,0.0,0.0,0.0,0.0,8.0,15.0,8.0,0.0,INSIDE_VA,ABOVE_VA,-0.00023050237993704759,0.009339188093783868,0.009571896818718173,0.015485918225438988,-0.007741038259553412,2020-11-27 09:16:00
109,0,19,0,23,95,43,65,0,81,14,24,11,0.0,11.0,0.0,6.0,16.0,8.0,13.0,0.0,15.0,11.0,11.0,5.0,INSIDE_VA,GAP_UP,0.004137736470071873,0.019940284939579556,0.015737431126789048,0.03019058664953067,-0.0023784148080812084,2020-11-20 09:16:00
110,0,20,0,49,67,0,0,0,25,16,17,0,0.0,4.0,0.0,6.0,6.0,0.0,0.0,0.0,5.0,4.0,3.0,0.0,INSIDE_VA,INSIDE_VA,-0.0026234932640036845,0.005325770109509298,0.007970173068872155,0.021271567005435976,-0.006720239502087666,2020-11-13 09:16:00
111,0,1,0,0,0,0,0,0,0,0,0,0,0.0,3.0,0.0,3.0,0.0,0.0,0.0,0.0,0.0,0.0,0.0,0.0,GAP_UP,GAP_UP,0.0023953626438866227,0.04662093076948448,0.044119885001213444,0.05294947062897859,0.00035044031795239405,2020-11-06 09:16:00
112,0,0,75,18,6,30,37,41,26,0,5,0,5.0,1.0,11.0,13.0,4.0,4.0,4.0,13.0,11.0,5.0,5.0,3.0,BELOW_VA,GAP_UP,0.000912768473919856,0.039407600404532284,0.038459727104196206,0.03970757126450586,-0.011343183805001655,2020-10-30 09:16:00
113,58,0,61,73,57,64,73,56,84,0,0,0,12.0,0.0,8.0,10.0,11.0,10.0,9.0,12.0,10.0,0.0,0.0,0.0,INSIDE_VA,GAP_DOWN,0.004675586548761768,-0.019697956268772798,-0.024260112561570235,0.006074481715641955,-0.02485244386565555,2020-10-23 09:16:00
114,118,36,0,3,56,137,130,109,12,94,5,0,21.0,5.0,2.0,2.0,16.0,15.0,21.0,8.0,8.0,7.0,7.0,0.0,BELOW_VA,INSIDE_VA,0.004699058903153253,0.019678647767625845,0.01490952811364843,0.02965076183010562,-0.0004026540901516107,2020-10-16 09:16:00
115,0,127,0,47,0,0,0,0,6,36,14,0,0.0,24.0,0.0,12.0,0.0,0.0,0.0,0.0,2.0,12.0,2.0,0.0,ABOVE_VA,INSIDE_VA,0.0015972078440651405,-0.013572041256977196,-0.01514505929353993,0.0162509560007269,-0.014522760211778007,2020-10-09 09:16:00
116,0,0,0,0,0,0,0,0,0,0,0,103,0.0,0.0,0.0,0.0,0.0,0.0,0.0,0.0,0.0,0.0,0.0,9.0,GAP_UP,GAP_UP,0.005725591819582654,0.03596004342344861,0.030062326990372368,0.04231159826306219,0.0026176635383106106,2020-10-05 09:16:00
117,0,0,0,0,13,11,3,0,19,0,14,0,0.0,0.0,0.0,0.0,2.0,2.0,4.0,0.0,10.0,0.0,6.0,0.0,INSIDE_VA,INSIDE_VA,0.00822910265355059,0.05554297753977089,0.046927702009092354,0.05611591899347124,0.003095732048219446,2020-09-25 09:16:00
118,10,0,7,37,24,9,65,4,54,0,32,0,3.0,0.0,1.0,10.0,10.0,3.0,6.0,2.0,8.0,6.0,6.0,0.0,ABOVE_VA,GAP_DOWN,0.005629706795147182,-0.06058554159341967,-0.065844562805915,0.005629706795147182,-0.06328971070165157,2020-09-18 09:16:00
119,0,142,0,125,0,0,0,0,6,112,27,87,0.0,15.0,0.0,15.0,1.0,0.0,0.0,0.0,3.0,15.0,10.0,18.0,ABOVE_VA,GAP_UP,-0.0005718351543301248,0.00566596969710198,0.006241373888432822,0.014295878858250344,-0.00618105785138412,2020-09-11 09:16:00
120,0,0,107,0,0,166,19,80,0,0,0,12,0.0,0.0,15.0,0.0,0.0,18.0,8.0,22.0,0.0,0.0,0.0,6.0,BELOW_VA,INSIDE_VA,-0.01571642813179963,-0.0070520211170540525,0.00880275487916582,-0.0062111532026666305,-0.030388272926653914,2020-09-04 09:16:00
121,36,42,9,45,109,20,46,12,91,123,41,8,7.0,9.0,4.0,13.0,13.0,4.0,10.0,4.0,17.0,13.0,17.0,2.0,ABOVE_VA,ABOVE_VA,0.0027178844575033168,-0.0030938080629131504,-0.005795939825647745,0.01924988117357307,-0.021228881303201774,2020-08-28 09:16:00
122,0,49,0,0,0,0,0,0,20,86,14,6,0.0,17.0,0.0,0.0,0.0,0.0,0.0,0.0,7.0,17.0,10.0,5.0,INSIDE_VA,GAP_UP,0.008842006604979025,0.02315279429513728,0.014185360637705813,0.027206854323520213,0.004646474470916484,2020-08-21 09:16:00
123,28,16,26,144,40,6,5,87,165,23,31,102,9.0,15.0,9.0,17.0,13.0,7.0,13.0,9.0,17.0,15.0,10.0,7.0,INSIDE_VA,INSIDE_VA,0.0036332455225329685,-0.00022542034263905997,-0.0038446971365153626,0.013096479906649527,-0.017746326974417026,2020-08-14 09:16:00
124,0,15,0,39,0,0,0,0,0,14,69,60,0.0,16.0,0.0,8.0,0.0,0.0,0.0,0.0,0.0,8.0,7.0,16.0,INSIDE_VA,GAP_UP,-0.0017980154905949952,0.00940500410465095,0.01122319908104763,0.01488382053753079,-0.005777742085162574,2020-08-07 09:16:00
125,37,0,120,124,36,53,37,89,42,0,0,60,15.0,0.0,15.0,15.0,13.0,15.0,15.0,15.0,9.0,0.0,2.0,6.0,INSIDE_VA,INSIDE_VA,0.003997242038187965,0.010062955435482968,0.006041563804479511,0.014569428984736454,-0.01918856437272143,2020-07-31 09:16:00
126,0,43,0,37,116,0,0,0,66,42,62,0,0.0,14.0,0.0,14.0,18.0,0.0,4.0,0.0,15.0,14.0,14.0,0.0,INSIDE_VA,INSIDE_VA,-0.007534758691898236,-0.012412546953162629,-0.004914820245830787,0.00950634646538373,-0.01332045644704749,2020-07-24 09:16:00
127,1,3,0,0,1,0,0,0,76,3,33,60,6.0,2.0,0.0,0.0,4.0,0.0,0.0,0.0,6.0,4.0,6.0,7.0,INSIDE_VA,GAP_UP,0.002232465359501612,0.04721734145534384,0.044884672619047716,0.04770205209707257,0.002013413434873934,2020-07-17 09:16:00
128,70,17,3,17,107,61,74,80,112,22,40,0,13.0,12.0,6.0,12.0,17.0,10.0,16.0,13.0,14.0,12.0,12.0,0.0,INSIDE_VA,INSIDE_VA,-0.006401469522635983,-0.009729125994027865,-0.003349095604834651,0.005593785913074578,-0.02497357720763016,2020-07-10 09:16:00
129,0,109,0,3,0,0,0,0,0,0,0,0,0.0,7.0,0.0,6.0,0.0,0.0,0.0,0.0,0.0,0.0,0.0,0.0,GAP_UP,GAP_UP,0.004861032223863138,0.02554526865841189,0.020584176091267503,0.026908440304441728,-8.993146275892983e-05,2020-07-03 09:16:00
130,0,49,0,52,83,2,47,0,136,12,0,0,0.0,7.0,0.0,12.0,12.0,3.0,8.0,0.0,18.0,6.0,4.0,0.0,INSIDE_VA,GAP_UP,0.009193580537418367,0.027152907086981592,0.01779572016302322,0.03051724221754415,-0.005907033502360437,2020-06-26 09:16:00
131,0,22,0,9,0,0,0,0,0,0,0,48,0.0,4.0,0.0,2.0,0.0,0.0,0.0,0.0,0.0,0.0,0.0,15.0,GAP_UP,GAP_UP,0.002749907097733262,0.019135389570172245,0.016340547484929413,0.04577232751145788,-0.001843180973615799,2020-06-19 09:16:00
132,2,0,106,116,0,13,18,96,0,0,0,0,2.0,0.0,16.0,17.0,2.0,5.0,3.0,18.0,0.0,0.0,0.0,0.0,GAP_DOWN,INSIDE_VA,-0.036851107198175526,0.018274193629763458,0.05723445382113046,0.02028728122177781,-0.036911651185905336,2020-06-12 09:16:00
133,0,72,0,53,27,0,27,0,74,65,68,0,0.0,15.0,0.0,10.0,4.0,0.0,2.0,0.0,14.0,18.0,18.0,0.0,INSIDE_VA,INSIDE_VA,0.006285671559953077,-0.01202302918525533,-0.01819433711783469,0.029683722553148995,-0.014525334596117045,2020-06-05 09:16:00
134,0,40,0,34,0,0,0,0,0,1,0,0,0.0,5.0,0.0,5.0,0.0,0.0,0.0,0.0,0.0,1.0,0.0,0.0,ABOVE_VA,GAP_UP,-0.006935075885328712,0.057203836424957855,0.0645868268557237,0.07253372681281633,-0.011709527824620647,2020-05-29 09:16:00
135,86,3,0,84,66,0,68,0,37,5,12,11,9.0,5.0,0.0,9.0,9.0,0.0,12.0,0.0,7.0,5.0,5.0,2.0,INSIDE_VA,GAP_UP,-0.0037683197468745266,0.042385357386126365,0.04632825681800634,0.04493968491133993,-0.014683263386873646,2020-05-22 09:16:00
136,0,0,19,34,0,4,0,100,0,0,0,0,0.0,0.0,10.0,10.0,0.0,3.0,0.0,15.0,0.0,0.0,0.0,0.0,INSIDE_VA,BELOW_VA,0.0035190487639613632,-0.0052457869773337995,-0.008734100017424473,0.0035190487639613632,-0.03753469869511061,2020-05-15 09:16:00
137,3,2,25,84,32,48,47,20,114,63,46,42,1.0,1.0,9.0,11.0,11.0,8.0,8.0,7.0,10.0,9.0,16.0,9.0,ABOVE_VA,BELOW_VA,0.017801030071801005,-0.006811064859789773,-0.024181636886194346,0.04032910197059558,-0.018343744403258477,2020-05-08 09:16:00
138,4,0,14,0,73,15,65,14,17,0,1,0,11.0,0.0,1.0,0.0,14.0,1.0,14.0,1.0,4.0,0.0,0.0,0.0,ABOVE_VA,INSIDE_VA,-0.03231372787852027,-0.06485076406969248,-0.03362353805003404,-0.03231372787852027,-0.07464080350391045,2020-05-04 09:16:00
139,63,91,0,60,52,0,64,0,72,66,59,0,10.0,12.0,0.0,12.0,9.0,0.0,6.0,0.0,10.0,12.0,12.0,0.0,INSIDE_VA,GAP_UP,-0.014941577357598157,0.059008481226284326,0.07507174892785828,0.0630072343032817,-0.017370927345236487,2020-04-24 09:16:00
140,6,71,0,77,47,0,25,0,44,55,21,0,5.0,17.0,0.0,8.0,8.0,2.0,5.0,0.0,7.0,10.0,5.0,0.0,GAP_UP,GAP_UP,0.034031674910720344,0.031752545305325564,-0.0022041197196317475,0.041506776390213496,-0.011889182175099378,2020-04-17 09:16:00
141,0,16,0,6,0,0,0,0,70,21,20,0,0.0,4.0,0.0,4.0,0.0,0.0,0.0,0.0,16.0,4.0,3.0,0.0,INSIDE_VA,INSIDE_VA,0.0005935011622733022,-0.009006929675607567,-0.009594736350704958,0.017876474822911437,-0.03040594380423256,2020-04-13 09:16:00
142,57,56,13,1,3,1,24,1,4,14,37,12,8.0,8.0,3.0,0.0,2.0,1.0,2.0,0.0,2.0,6.0,7.0,4.0,INSIDE_VA,GAP_UP,0.011364392779556143,0.10116609078201289,0.08879262375023189,0.10517812082080225,-0.025034341282760275,2020-04-03 09:16:00
143,24,6,0,71,0,0,0,0,4,26,47,0,3.0,3.0,0.0,8.0,0.0,0.0,0.0,0.0,2.0,6.0,12.0,0.0,GAP_UP,INSIDE_VA,0.0341595886057664,-0.045166695556711156,-0.07670603747862925,0.04453689258681459,-0.05259721499971104,2020-03-27 09:16:00
144,0,0,46,24,0,78,0,32,0,0,0,0,0.0,0.0,13.0,4.0,0.0,10.0,0.0,2.0,0.0,0.0,0.0,0.0,BELOW_VA,INSIDE_VA,-0.0005442736365945944,0.046638203171301074,0.047208170970787,0.07439615863762272,-0.09153473070549945,2020-03-20 09:16:00
145,0,0,47,9,0,25,0,5,0,0,0,0,0.0,0.0,5.0,2.0,0.0,3.0,0.0,3.0,0.0,0.0,0.0,0.0,GAP_DOWN,GAP_DOWN,-0.0543109758946696,-0.1415013524528459,-0.09219772497694245,0.054902836257158194,-0.18670598557729745,2020-03-13 09:16:00
146,0,0,0,0,0,0,0,0,0,0,0,0,0.0,0.0,2.0,0.0,0.0,0.0,0.0,0.0,0.0,0.0,0.0,0.0,GAP_DOWN,GAP_DOWN,-0.02801119204121516,-0.14455054183691596,-0.11989783096416318,-0.01979925386391901,-0.1554450168768875,2020-03-06 09:16:00
147,0,0,0,0,0,0,0,0,0,0,0,0,0.0,0.0,0.0,0.0,0.0,0.0,0.0,0.0,0.0,0.0,0.0,0.0,GAP_DOWN,GAP_DOWN,-0.02047771289893685,-0.031149015271150104,-0.010894394658232276,-0.016088709503913612,-0.050232574150491205,2020-02-28 09:16:00
148,0,0,5,0,0,0,0,4,0,0,0,0,0.0,0.0,5.0,0.0,0.0,0.0,0.0,5.0,0.0,0.0,0.0,0.0,BELOW_VA,GAP_DOWN,-0.005838733437611321,-0.03833039534556526,-0.032682486233147734,-0.005838733437611321,-0.045220183562165284,2020-02-24 09:16:00
149,159,9,6,12,150,155,127,38,5,10,11,0,20.0,2.0,4.0,14.0,20.0,20.0,20.0,8.0,7.0,2.0,2.0,0.0,INSIDE_VA,BELOW_VA,0.0017421388040874675,-0.007054840392967332,-0.008781680291054639,0.006389211887632085,-0.021439811980491497,2020-02-14 09:16:00
150,31,115,0,74,0,0,0,0,9,45,37,0,13.0,15.0,0.0,17.0,1.0,0.0,0.0,0.0,7.0,15.0,15.0,0.0,INSIDE_VA,GAP_UP,0.001475284857725745,0.0029423279006037806,0.001464881924756245,0.008118187624915008,-0.011744586157871995,2020-02-07 09:16:00
151,0,0,90,111,52,26,28,82,0,0,0,0,0.0,0.0,16.0,16.0,6.0,9.0,8.0,12.0,4.0,0.0,0.0,0.0,INSIDE_VA,INSIDE_VA,0.006370698115404583,0.009102779487350166,0.0027147862880565476,0.011377434754403781,-0.034040819042232884,2020-01-31 09:16:00
152,0,0,11,36,106,18,108,10,38,0,0,0,0.0,0.0,13.0,14.0,16.0,13.0,14.0,13.0,11.0,0.0,3.0,0.0,INSIDE_VA,GAP_DOWN,-0.0004146277381852359,-0.0127918815067819,-0.012382387850064291,0.007598771716640806,-0.013875660941246037,2020-01-24 09:16:00
153,34,10,35,109,13,18,23,22,18,29,104,1,5.0,8.0,13.0,8.0,8.0,5.0,5.0,9.0,8.0,8.0,8.0,0.0,INSIDE_VA,GAP_DOWN,-0.002100474731572377,-0.014144815388911547,-0.012069692741961568,0.0061638208404326544,-0.021567302205296124,2020-01-17 09:16:00
154,31,32,0,2,0,0,0,0,0,22,0,0,5.0,15.0,0.0,3.0,0.0,0.0,0.0,0.0,0.0,5.0,1.0,0.0,GAP_UP,GAP_UP,0.004477624157887439,0.011300475594083315,0.0067924374541601384,0.014140942838666293,-0.0002537593215620193,2020-01-10 09:16:00
155,25,0,19,0,39,34,55,21,77,0,29,16,8.0,0.0,8.0,0.0,11.0,8.0,11.0,8.0,11.0,7.0,7.0,6.0,ABOVE_VA,INSIDE_VA,-0.0017301249353747217,-0.00537763538736491,-0.0036538320379085887,-0.0013637455372953466,-0.028720073927220757,2020-01-03 09:16:00
156,65,1,0,0,49,173,80,73,61,0,0,0,20.0,11.0,0.0,0.0,20.0,20.0,20.0,13.0,11.0,11.0,4.0,0.0,BELOW_VA,INSIDE_VA,0.0035077306095865346,0.012530553528958377,0.008991283917554549,0.013152959312797918,0.0017682919289219168,2019-12-27 09:16:00
